2026-05-04 08:33:32 [background-preinit] INFO  org.hibernate.validator.internal.util.Version - HV000001: Hibernate Validator 8.0.1.Final
2026-05-04 08:33:32 [main] INFO  com.eldercare.service.ElderCareServiceApplication - Starting ElderCareServiceApplication using Java 17.0.12 with PID 17512 (C:\EMR\ElderCareService\target\classes started by rprud in C:\EMR\ElderCareService)
2026-05-04 08:33:32 [main] DEBUG com.eldercare.service.ElderCareServiceApplication - Running with Spring Boot v3.3.5, Spring v6.1.14
2026-05-04 08:33:32 [main] INFO  com.eldercare.service.ElderCareServiceApplication - No active profile set, falling back to 1 default profile: "default"
2026-05-04 08:33:33 [main] INFO  org.springframework.data.repository.config.RepositoryConfigurationDelegate - Bootstrapping Spring Data JPA repositories in DEFAULT mode.
2026-05-04 08:33:33 [main] INFO  org.springframework.data.repository.config.RepositoryConfigurationDelegate - Finished Spring Data repository scanning in 60 ms. Found 4 JPA repository interfaces.
2026-05-04 08:33:33 [main] INFO  org.springframework.boot.web.embedded.tomcat.TomcatWebServer - Tomcat initialized with port 8083 (http)
2026-05-04 08:33:33 [main] INFO  org.apache.coyote.http11.Http11NioProtocol - Initializing ProtocolHandler ["http-nio-8083"]
2026-05-04 08:33:33 [main] INFO  org.apache.catalina.core.StandardService - Starting service [Tomcat]
2026-05-04 08:33:33 [main] INFO  org.apache.catalina.core.StandardEngine - Starting Servlet engine: [Apache Tomcat/10.1.31]
2026-05-04 08:33:33 [main] INFO  org.apache.catalina.core.ContainerBase.[Tomcat].[localhost].[/eldercare] - Initializing Spring embedded WebApplicationContext
2026-05-04 08:33:33 [main] INFO  org.springframework.boot.web.servlet.context.ServletWebServerApplicationContext - Root WebApplicationContext: initialization completed in 1426 ms
2026-05-04 08:33:34 [main] INFO  org.hibernate.jpa.internal.util.LogHelper - HHH000204: Processing PersistenceUnitInfo [name: default]
2026-05-04 08:33:34 [main] INFO  org.hibernate.Version - HHH000412: Hibernate ORM core version 6.5.3.Final
2026-05-04 08:33:34 [main] INFO  org.hibernate.cache.internal.RegionFactoryInitiator - HHH000026: Second-level cache disabled
2026-05-04 08:33:34 [main] INFO  org.springframework.orm.jpa.persistenceunit.SpringPersistenceUnitInfo - No LoadTimeWeaver setup: ignoring JPA class transformer
2026-05-04 08:33:34 [main] INFO  com.zaxxer.hikari.HikariDataSource - HikariPool-1 - Starting...
2026-05-04 08:33:34 [main] INFO  com.zaxxer.hikari.pool.HikariPool - HikariPool-1 - Added connection com.mysql.cj.jdbc.ConnectionImpl@3b839f68
2026-05-04 08:33:34 [main] INFO  com.zaxxer.hikari.HikariDataSource - HikariPool-1 - Start completed.
2026-05-04 08:33:34 [main] WARN  org.hibernate.orm.deprecation - HHH90000025: MySQLDialect does not need to be specified explicitly using 'hibernate.dialect' (remove the property setting and it will be selected by default)
2026-05-04 08:33:35 [main] INFO  org.hibernate.engine.transaction.jta.platform.internal.JtaPlatformInitiator - HHH000489: No JTA platform available (set 'hibernate.transaction.jta.platform' to enable JTA platform integration)
2026-05-04 08:33:35 [main] INFO  org.springframework.orm.jpa.LocalContainerEntityManagerFactoryBean - Initialized JPA EntityManagerFactory for persistence unit 'default'
2026-05-04 08:33:35 [main] INFO  org.springframework.data.jpa.repository.query.QueryEnhancerFactory - Hibernate is in classpath; If applicable, HQL parser will be used.
2026-05-04 08:33:35 [main] DEBUG com.eldercare.service.filters.JwtFilter - Filter 'jwtFilter' configured for use
2026-05-04 08:33:35 [main] INFO  org.springframework.security.config.annotation.authentication.configuration.InitializeAuthenticationProviderBeanManagerConfigurer$InitializeAuthenticationProviderManagerConfigurer - Global AuthenticationManager configured with AuthenticationProvider bean with name authenticationProvider
2026-05-04 08:33:35 [main] WARN  org.springframework.security.config.annotation.authentication.configuration.InitializeUserDetailsBeanManagerConfigurer$InitializeUserDetailsManagerConfigurer - Global AuthenticationManager configured with an AuthenticationProvider bean. UserDetailsService beans will not be used for username/password login. Consider removing the AuthenticationProvider bean. Alternatively, consider using the UserDetailsService in a manually instantiated DaoAuthenticationProvider.
2026-05-04 08:33:36 [main] WARN  org.springframework.boot.autoconfigure.orm.jpa.JpaBaseConfiguration$JpaWebConfiguration - spring.jpa.open-in-view is enabled by default. Therefore, database queries may be performed during view rendering. Explicitly configure spring.jpa.open-in-view to disable this warning
2026-05-04 08:33:36 [main] INFO  org.springframework.boot.actuate.endpoint.web.EndpointLinksResolver - Exposing 3 endpoints beneath base path '/actuator'
2026-05-04 08:33:36 [main] INFO  org.apache.coyote.http11.Http11NioProtocol - Starting ProtocolHandler ["http-nio-8083"]
2026-05-04 08:33:36 [main] INFO  org.springframework.boot.web.embedded.tomcat.TomcatWebServer - Tomcat started on port 8083 (http) with context path '/eldercare'
2026-05-04 08:33:36 [main] INFO  com.eldercare.service.ElderCareServiceApplication - Started ElderCareServiceApplication in 5.006 seconds (process running for 5.914)
2026-05-04 08:33:37 [RMI TCP Connection(8)-127.0.0.1] INFO  org.apache.catalina.core.ContainerBase.[Tomcat].[localhost].[/eldercare] - Initializing Spring DispatcherServlet 'dispatcherServlet'
2026-05-04 08:33:37 [RMI TCP Connection(8)-127.0.0.1] INFO  org.springframework.web.servlet.DispatcherServlet - Initializing Servlet 'dispatcherServlet'
2026-05-04 08:33:37 [RMI TCP Connection(8)-127.0.0.1] INFO  org.springframework.web.servlet.DispatcherServlet - Completed initialization in 1 ms
2026-05-04 08:48:57 [background-preinit] INFO  org.hibernate.validator.internal.util.Version - HV000001: Hibernate Validator 8.0.1.Final
2026-05-04 08:48:57 [main] INFO  com.eldercare.service.ElderCareServiceApplication - Starting ElderCareServiceApplication using Java 17.0.12 with PID 8744 (C:\EMR\ElderCareService\target\classes started by rprud in C:\EMR\ElderCareService)
2026-05-04 08:48:57 [main] DEBUG com.eldercare.service.ElderCareServiceApplication - Running with Spring Boot v3.3.5, Spring v6.1.14
2026-05-04 08:48:57 [main] INFO  com.eldercare.service.ElderCareServiceApplication - No active profile set, falling back to 1 default profile: "default"
2026-05-04 08:48:58 [main] INFO  org.springframework.data.repository.config.RepositoryConfigurationDelegate - Bootstrapping Spring Data JPA repositories in DEFAULT mode.
2026-05-04 08:48:58 [main] INFO  org.springframework.data.repository.config.RepositoryConfigurationDelegate - Finished Spring Data repository scanning in 97 ms. Found 4 JPA repository interfaces.
2026-05-04 08:48:59 [main] INFO  org.springframework.boot.web.embedded.tomcat.TomcatWebServer - Tomcat initialized with port 8083 (http)
2026-05-04 08:48:59 [main] INFO  org.apache.coyote.http11.Http11NioProtocol - Initializing ProtocolHandler ["http-nio-8083"]
2026-05-04 08:48:59 [main] INFO  org.apache.catalina.core.StandardService - Starting service [Tomcat]
2026-05-04 08:48:59 [main] INFO  org.apache.catalina.core.StandardEngine - Starting Servlet engine: [Apache Tomcat/10.1.31]
2026-05-04 08:48:59 [main] INFO  org.apache.catalina.core.ContainerBase.[Tomcat].[localhost].[/eldercare] - Initializing Spring embedded WebApplicationContext
2026-05-04 08:48:59 [main] INFO  org.springframework.boot.web.servlet.context.ServletWebServerApplicationContext - Root WebApplicationContext: initialization completed in 1930 ms
2026-05-04 08:49:00 [main] INFO  org.hibernate.jpa.internal.util.LogHelper - HHH000204: Processing PersistenceUnitInfo [name: default]
2026-05-04 08:49:00 [main] INFO  org.hibernate.Version - HHH000412: Hibernate ORM core version 6.5.3.Final
2026-05-04 08:49:00 [main] INFO  org.hibernate.cache.internal.RegionFactoryInitiator - HHH000026: Second-level cache disabled
2026-05-04 08:49:00 [main] INFO  org.springframework.orm.jpa.persistenceunit.SpringPersistenceUnitInfo - No LoadTimeWeaver setup: ignoring JPA class transformer
2026-05-04 08:49:00 [main] INFO  com.zaxxer.hikari.HikariDataSource - HikariPool-1 - Starting...
2026-05-04 08:49:00 [main] INFO  com.zaxxer.hikari.pool.HikariPool - HikariPool-1 - Added connection com.mysql.cj.jdbc.ConnectionImpl@225ac5e7
2026-05-04 08:49:00 [main] INFO  com.zaxxer.hikari.HikariDataSource - HikariPool-1 - Start completed.
2026-05-04 08:49:00 [main] WARN  org.hibernate.orm.deprecation - HHH90000025: MySQLDialect does not need to be specified explicitly using 'hibernate.dialect' (remove the property setting and it will be selected by default)
2026-05-04 08:49:01 [main] INFO  org.hibernate.engine.transaction.jta.platform.internal.JtaPlatformInitiator - HHH000489: No JTA platform available (set 'hibernate.transaction.jta.platform' to enable JTA platform integration)
2026-05-04 08:49:01 [main] INFO  org.springframework.orm.jpa.LocalContainerEntityManagerFactoryBean - Initialized JPA EntityManagerFactory for persistence unit 'default'
2026-05-04 08:49:02 [main] INFO  org.springframework.data.jpa.repository.query.QueryEnhancerFactory - Hibernate is in classpath; If applicable, HQL parser will be used.
2026-05-04 08:49:02 [main] DEBUG com.eldercare.service.filters.JwtFilter - Filter 'jwtFilter' configured for use
2026-05-04 08:49:02 [main] INFO  org.springframework.security.config.annotation.authentication.configuration.InitializeAuthenticationProviderBeanManagerConfigurer$InitializeAuthenticationProviderManagerConfigurer - Global AuthenticationManager configured with AuthenticationProvider bean with name authenticationProvider
2026-05-04 08:49:02 [main] WARN  org.springframework.security.config.annotation.authentication.configuration.InitializeUserDetailsBeanManagerConfigurer$InitializeUserDetailsManagerConfigurer - Global AuthenticationManager configured with an AuthenticationProvider bean. UserDetailsService beans will not be used for username/password login. Consider removing the AuthenticationProvider bean. Alternatively, consider using the UserDetailsService in a manually instantiated DaoAuthenticationProvider.
2026-05-04 08:49:02 [main] WARN  org.springframework.boot.autoconfigure.orm.jpa.JpaBaseConfiguration$JpaWebConfiguration - spring.jpa.open-in-view is enabled by default. Therefore, database queries may be performed during view rendering. Explicitly configure spring.jpa.open-in-view to disable this warning
2026-05-04 08:49:03 [main] INFO  org.springframework.boot.actuate.endpoint.web.EndpointLinksResolver - Exposing 3 endpoints beneath base path '/actuator'
2026-05-04 08:49:03 [main] INFO  org.apache.coyote.http11.Http11NioProtocol - Starting ProtocolHandler ["http-nio-8083"]
2026-05-04 08:49:03 [main] INFO  org.springframework.boot.web.embedded.tomcat.TomcatWebServer - Tomcat started on port 8083 (http) with context path '/eldercare'
2026-05-04 08:49:03 [main] INFO  com.eldercare.service.ElderCareServiceApplication - Started ElderCareServiceApplication in 6.671 seconds (process running for 7.505)
2026-05-04 08:49:04 [RMI TCP Connection(8)-127.0.0.1] INFO  org.apache.catalina.core.ContainerBase.[Tomcat].[localhost].[/eldercare] - Initializing Spring DispatcherServlet 'dispatcherServlet'
2026-05-04 08:49:04 [RMI TCP Connection(8)-127.0.0.1] INFO  org.springframework.web.servlet.DispatcherServlet - Initializing Servlet 'dispatcherServlet'
2026-05-04 08:49:04 [RMI TCP Connection(8)-127.0.0.1] INFO  org.springframework.web.servlet.DispatcherServlet - Completed initialization in 1 ms
2026-05-04 08:49:10 [http-nio-8083-exec-2] DEBUG com.eldercare.service.service.AppUserDetailsService - Loaded user admin with roles [ROLE_ADMIN]
2026-05-04 08:49:11 [http-nio-8083-exec-2] WARN  com.eldercare.service.service.AuthService - Login failed for user: admin
2026-05-04 08:49:11 [http-nio-8083-exec-2] WARN  com.eldercare.service.exception.GlobalExceptionHandler - Business exception: Invalid username or password
2026-05-04 08:54:05 [background-preinit] INFO  org.hibernate.validator.internal.util.Version - HV000001: Hibernate Validator 8.0.1.Final
2026-05-04 08:54:05 [main] INFO  com.eldercare.service.ElderCareServiceApplication - Starting ElderCareServiceApplication using Java 17.0.12 with PID 3260 (C:\EMR\ElderCareService\target\classes started by rprud in C:\EMR\ElderCareService)
2026-05-04 08:54:05 [main] DEBUG com.eldercare.service.ElderCareServiceApplication - Running with Spring Boot v3.3.5, Spring v6.1.14
2026-05-04 08:54:05 [main] INFO  com.eldercare.service.ElderCareServiceApplication - No active profile set, falling back to 1 default profile: "default"
2026-05-04 08:54:06 [main] INFO  org.springframework.data.repository.config.RepositoryConfigurationDelegate - Bootstrapping Spring Data JPA repositories in DEFAULT mode.
2026-05-04 08:54:06 [main] INFO  org.springframework.data.repository.config.RepositoryConfigurationDelegate - Finished Spring Data repository scanning in 78 ms. Found 4 JPA repository interfaces.
2026-05-04 08:54:07 [main] INFO  org.springframework.boot.web.embedded.tomcat.TomcatWebServer - Tomcat initialized with port 8083 (http)
2026-05-04 08:54:07 [main] INFO  org.apache.coyote.http11.Http11NioProtocol - Initializing ProtocolHandler ["http-nio-8083"]
2026-05-04 08:54:07 [main] INFO  org.apache.catalina.core.StandardService - Starting service [Tomcat]
2026-05-04 08:54:07 [main] INFO  org.apache.catalina.core.StandardEngine - Starting Servlet engine: [Apache Tomcat/10.1.31]
2026-05-04 08:54:07 [main] INFO  org.apache.catalina.core.ContainerBase.[Tomcat].[localhost].[/eldercare] - Initializing Spring embedded WebApplicationContext
2026-05-04 08:54:07 [main] INFO  org.springframework.boot.web.servlet.context.ServletWebServerApplicationContext - Root WebApplicationContext: initialization completed in 2412 ms
2026-05-04 08:54:08 [main] INFO  org.hibernate.jpa.internal.util.LogHelper - HHH000204: Processing PersistenceUnitInfo [name: default]
2026-05-04 08:54:08 [main] INFO  org.hibernate.Version - HHH000412: Hibernate ORM core version 6.5.3.Final
2026-05-04 08:54:08 [main] INFO  org.hibernate.cache.internal.RegionFactoryInitiator - HHH000026: Second-level cache disabled
2026-05-04 08:54:09 [main] INFO  org.springframework.orm.jpa.persistenceunit.SpringPersistenceUnitInfo - No LoadTimeWeaver setup: ignoring JPA class transformer
2026-05-04 08:54:09 [main] INFO  com.zaxxer.hikari.HikariDataSource - HikariPool-1 - Starting...
2026-05-04 08:54:09 [main] INFO  com.zaxxer.hikari.pool.HikariPool - HikariPool-1 - Added connection com.mysql.cj.jdbc.ConnectionImpl@6074d638
2026-05-04 08:54:09 [main] INFO  com.zaxxer.hikari.HikariDataSource - HikariPool-1 - Start completed.
2026-05-04 08:54:09 [main] WARN  org.hibernate.orm.deprecation - HHH90000025: MySQLDialect does not need to be specified explicitly using 'hibernate.dialect' (remove the property setting and it will be selected by default)
2026-05-04 08:54:11 [main] INFO  org.hibernate.engine.transaction.jta.platform.internal.JtaPlatformInitiator - HHH000489: No JTA platform available (set 'hibernate.transaction.jta.platform' to enable JTA platform integration)
2026-05-04 08:54:11 [main] INFO  org.springframework.orm.jpa.LocalContainerEntityManagerFactoryBean - Initialized JPA EntityManagerFactory for persistence unit 'default'
2026-05-04 08:54:12 [main] INFO  org.springframework.data.jpa.repository.query.QueryEnhancerFactory - Hibernate is in classpath; If applicable, HQL parser will be used.
2026-05-04 08:54:13 [main] DEBUG com.eldercare.service.filters.JwtFilter - Filter 'jwtFilter' configured for use
2026-05-04 08:54:13 [main] INFO  org.springframework.security.config.annotation.authentication.configuration.InitializeAuthenticationProviderBeanManagerConfigurer$InitializeAuthenticationProviderManagerConfigurer - Global AuthenticationManager configured with AuthenticationProvider bean with name authenticationProvider
2026-05-04 08:54:13 [main] WARN  org.springframework.security.config.annotation.authentication.configuration.InitializeUserDetailsBeanManagerConfigurer$InitializeUserDetailsManagerConfigurer - Global AuthenticationManager configured with an AuthenticationProvider bean. UserDetailsService beans will not be used for username/password login. Consider removing the AuthenticationProvider bean. Alternatively, consider using the UserDetailsService in a manually instantiated DaoAuthenticationProvider.
2026-05-04 08:54:14 [main] WARN  org.springframework.boot.autoconfigure.orm.jpa.JpaBaseConfiguration$JpaWebConfiguration - spring.jpa.open-in-view is enabled by default. Therefore, database queries may be performed during view rendering. Explicitly configure spring.jpa.open-in-view to disable this warning
2026-05-04 08:54:15 [main] INFO  org.springframework.boot.actuate.endpoint.web.EndpointLinksResolver - Exposing 3 endpoints beneath base path '/actuator'
2026-05-04 08:54:16 [main] INFO  org.apache.coyote.http11.Http11NioProtocol - Starting ProtocolHandler ["http-nio-8083"]
2026-05-04 08:54:16 [main] INFO  org.springframework.boot.web.embedded.tomcat.TomcatWebServer - Tomcat started on port 8083 (http) with context path '/eldercare'
2026-05-04 08:54:16 [main] INFO  com.eldercare.service.ElderCareServiceApplication - Started ElderCareServiceApplication in 12.003 seconds (process running for 13.299)
2026-05-04 08:54:17 [RMI TCP Connection(6)-127.0.0.1] INFO  org.apache.catalina.core.ContainerBase.[Tomcat].[localhost].[/eldercare] - Initializing Spring DispatcherServlet 'dispatcherServlet'
2026-05-04 08:54:17 [RMI TCP Connection(6)-127.0.0.1] INFO  org.springframework.web.servlet.DispatcherServlet - Initializing Servlet 'dispatcherServlet'
2026-05-04 08:54:17 [RMI TCP Connection(6)-127.0.0.1] INFO  org.springframework.web.servlet.DispatcherServlet - Completed initialization in 0 ms
2026-05-04 08:56:30 [http-nio-8083-exec-2] WARN  com.eldercare.service.exception.GlobalExceptionHandler - Business exception: Username already exists: admin
2026-05-04 08:59:43 [http-nio-8083-exec-3] INFO  com.eldercare.service.service.AuthService - User admin signed up with role ROLE_ADMIN
2026-05-04 09:00:48 [http-nio-8083-exec-6] DEBUG com.eldercare.service.service.AppUserDetailsService - Loaded user admin with roles [ROLE_ADMIN]
2026-05-04 09:00:48 [http-nio-8083-exec-6] DEBUG com.eldercare.service.service.AppUserDetailsService - Loaded user admin with roles [ROLE_ADMIN]
2026-05-04 09:00:49 [http-nio-8083-exec-6] INFO  com.eldercare.service.service.AuthService - User admin logged in successfully
2026-05-04 09:01:22 [http-nio-8083-exec-8] DEBUG com.eldercare.service.service.AppUserDetailsService - Loaded user admin with roles [ROLE_ADMIN]
2026-05-04 09:01:23 [http-nio-8083-exec-8] INFO  com.eldercare.service.service.AuthService - Token invalidated for logout
2026-05-04 09:09:01 [background-preinit] INFO  org.hibernate.validator.internal.util.Version - HV000001: Hibernate Validator 8.0.1.Final
2026-05-04 09:09:01 [main] INFO  com.eldercare.service.ElderCareServiceApplication - Starting ElderCareServiceApplication using Java 17.0.12 with PID 10592 (C:\EMR\ElderCareService\target\classes started by rprud in C:\EMR\ElderCareService)
2026-05-04 09:09:01 [main] DEBUG com.eldercare.service.ElderCareServiceApplication - Running with Spring Boot v3.3.5, Spring v6.1.14
2026-05-04 09:09:01 [main] INFO  com.eldercare.service.ElderCareServiceApplication - No active profile set, falling back to 1 default profile: "default"
2026-05-04 09:09:02 [main] INFO  org.springframework.data.repository.config.RepositoryConfigurationDelegate - Bootstrapping Spring Data JPA repositories in DEFAULT mode.
2026-05-04 09:09:02 [main] INFO  org.springframework.data.repository.config.RepositoryConfigurationDelegate - Finished Spring Data repository scanning in 55 ms. Found 4 JPA repository interfaces.
2026-05-04 09:09:03 [main] INFO  org.springframework.boot.web.embedded.tomcat.TomcatWebServer - Tomcat initialized with port 8083 (http)
2026-05-04 09:09:03 [main] INFO  org.apache.coyote.http11.Http11NioProtocol - Initializing ProtocolHandler ["http-nio-8083"]
2026-05-04 09:09:03 [main] INFO  org.apache.catalina.core.StandardService - Starting service [Tomcat]
2026-05-04 09:09:03 [main] INFO  org.apache.catalina.core.StandardEngine - Starting Servlet engine: [Apache Tomcat/10.1.31]
2026-05-04 09:09:03 [main] INFO  org.apache.catalina.core.ContainerBase.[Tomcat].[localhost].[/eldercare] - Initializing Spring embedded WebApplicationContext
2026-05-04 09:09:03 [main] INFO  org.springframework.boot.web.servlet.context.ServletWebServerApplicationContext - Root WebApplicationContext: initialization completed in 2077 ms
2026-05-04 09:09:04 [main] INFO  org.hibernate.jpa.internal.util.LogHelper - HHH000204: Processing PersistenceUnitInfo [name: default]
2026-05-04 09:09:04 [main] INFO  org.hibernate.Version - HHH000412: Hibernate ORM core version 6.5.3.Final
2026-05-04 09:09:04 [main] INFO  org.hibernate.cache.internal.RegionFactoryInitiator - HHH000026: Second-level cache disabled
2026-05-04 09:09:05 [main] INFO  org.springframework.orm.jpa.persistenceunit.SpringPersistenceUnitInfo - No LoadTimeWeaver setup: ignoring JPA class transformer
2026-05-04 09:09:05 [main] INFO  com.zaxxer.hikari.HikariDataSource - HikariPool-1 - Starting...
2026-05-04 09:09:05 [main] INFO  com.zaxxer.hikari.pool.HikariPool - HikariPool-1 - Added connection com.mysql.cj.jdbc.ConnectionImpl@33827b88
2026-05-04 09:09:05 [main] INFO  com.zaxxer.hikari.HikariDataSource - HikariPool-1 - Start completed.
2026-05-04 09:09:06 [main] WARN  org.hibernate.orm.deprecation - HHH90000025: MySQLDialect does not need to be specified explicitly using 'hibernate.dialect' (remove the property setting and it will be selected by default)
2026-05-04 09:09:08 [main] INFO  org.hibernate.engine.transaction.jta.platform.internal.JtaPlatformInitiator - HHH000489: No JTA platform available (set 'hibernate.transaction.jta.platform' to enable JTA platform integration)
2026-05-04 09:09:08 [main] INFO  org.springframework.orm.jpa.LocalContainerEntityManagerFactoryBean - Initialized JPA EntityManagerFactory for persistence unit 'default'
2026-05-04 09:09:09 [main] INFO  org.springframework.data.jpa.repository.query.QueryEnhancerFactory - Hibernate is in classpath; If applicable, HQL parser will be used.
2026-05-04 09:09:10 [main] DEBUG com.eldercare.service.filters.JwtFilter - Filter 'jwtFilter' configured for use
2026-05-04 09:09:10 [main] INFO  org.springframework.security.config.annotation.authentication.configuration.InitializeAuthenticationProviderBeanManagerConfigurer$InitializeAuthenticationProviderManagerConfigurer - Global AuthenticationManager configured with AuthenticationProvider bean with name authenticationProvider
2026-05-04 09:09:10 [main] WARN  org.springframework.security.config.annotation.authentication.configuration.InitializeUserDetailsBeanManagerConfigurer$InitializeUserDetailsManagerConfigurer - Global AuthenticationManager configured with an AuthenticationProvider bean. UserDetailsService beans will not be used for username/password login. Consider removing the AuthenticationProvider bean. Alternatively, consider using the UserDetailsService in a manually instantiated DaoAuthenticationProvider.
2026-05-04 09:09:10 [main] WARN  org.springframework.boot.autoconfigure.orm.jpa.JpaBaseConfiguration$JpaWebConfiguration - spring.jpa.open-in-view is enabled by default. Therefore, database queries may be performed during view rendering. Explicitly configure spring.jpa.open-in-view to disable this warning
2026-05-04 09:09:11 [main] WARN  com.eldercare.service.config.RoleHierarchyLoader - No role hierarchy found in DB — all roles are standalone
2026-05-04 09:09:11 [main] WARN  org.springframework.boot.web.servlet.context.AnnotationConfigServletWebServerApplicationContext - Exception encountered during context initialization - cancelling refresh attempt: org.springframework.beans.factory.BeanCreationException: Error creating bean with name 'org.springframework.security.config.annotation.web.configuration.WebSecurityConfiguration': Injection of autowired dependencies failed
2026-05-04 09:09:11 [main] INFO  org.springframework.orm.jpa.LocalContainerEntityManagerFactoryBean - Closing JPA EntityManagerFactory for persistence unit 'default'
2026-05-04 09:09:11 [main] INFO  com.zaxxer.hikari.HikariDataSource - HikariPool-1 - Shutdown initiated...
2026-05-04 09:09:11 [main] INFO  com.zaxxer.hikari.HikariDataSource - HikariPool-1 - Shutdown completed.
2026-05-04 09:09:11 [main] INFO  org.apache.catalina.core.StandardService - Stopping service [Tomcat]
2026-05-04 09:09:11 [main] INFO  org.springframework.boot.autoconfigure.logging.ConditionEvaluationReportLogger - 

Error starting ApplicationContext. To display the condition evaluation report re-run your application with 'debug' enabled.
2026-05-04 09:09:11 [main] ERROR org.springframework.boot.SpringApplication - Application run failed
org.springframework.beans.factory.BeanCreationException: Error creating bean with name 'org.springframework.security.config.annotation.web.configuration.WebSecurityConfiguration': Injection of autowired dependencies failed
	at org.springframework.beans.factory.annotation.AutowiredAnnotationBeanPostProcessor.postProcessProperties(AutowiredAnnotationBeanPostProcessor.java:515) ~[spring-beans-6.1.14.jar:6.1.14]
	at org.springframework.beans.factory.support.AbstractAutowireCapableBeanFactory.populateBean(AbstractAutowireCapableBeanFactory.java:1439) ~[spring-beans-6.1.14.jar:6.1.14]
	at org.springframework.beans.factory.support.AbstractAutowireCapableBeanFactory.doCreateBean(AbstractAutowireCapableBeanFactory.java:599) ~[spring-beans-6.1.14.jar:6.1.14]
	at org.springframework.beans.factory.support.AbstractAutowireCapableBeanFactory.createBean(AbstractAutowireCapableBeanFactory.java:522) ~[spring-beans-6.1.14.jar:6.1.14]
	at org.springframework.beans.factory.support.AbstractBeanFactory.lambda$doGetBean$0(AbstractBeanFactory.java:337) ~[spring-beans-6.1.14.jar:6.1.14]
	at org.springframework.beans.factory.support.DefaultSingletonBeanRegistry.getSingleton(DefaultSingletonBeanRegistry.java:234) ~[spring-beans-6.1.14.jar:6.1.14]
	at org.springframework.beans.factory.support.AbstractBeanFactory.doGetBean(AbstractBeanFactory.java:335) ~[spring-beans-6.1.14.jar:6.1.14]
	at org.springframework.beans.factory.support.AbstractBeanFactory.getBean(AbstractBeanFactory.java:200) ~[spring-beans-6.1.14.jar:6.1.14]
	at org.springframework.beans.factory.support.DefaultListableBeanFactory.preInstantiateSingletons(DefaultListableBeanFactory.java:975) ~[spring-beans-6.1.14.jar:6.1.14]
	at org.springframework.context.support.AbstractApplicationContext.finishBeanFactoryInitialization(AbstractApplicationContext.java:971) ~[spring-context-6.1.14.jar:6.1.14]
	at org.springframework.context.support.AbstractApplicationContext.refresh(AbstractApplicationContext.java:625) ~[spring-context-6.1.14.jar:6.1.14]
	at org.springframework.boot.web.servlet.context.ServletWebServerApplicationContext.refresh(ServletWebServerApplicationContext.java:146) ~[spring-boot-3.3.5.jar:3.3.5]
	at org.springframework.boot.SpringApplication.refresh(SpringApplication.java:754) [spring-boot-3.3.5.jar:3.3.5]
	at org.springframework.boot.SpringApplication.refreshContext(SpringApplication.java:456) [spring-boot-3.3.5.jar:3.3.5]
	at org.springframework.boot.SpringApplication.run(SpringApplication.java:335) [spring-boot-3.3.5.jar:3.3.5]
	at org.springframework.boot.SpringApplication.run(SpringApplication.java:1363) [spring-boot-3.3.5.jar:3.3.5]
	at org.springframework.boot.SpringApplication.run(SpringApplication.java:1352) [spring-boot-3.3.5.jar:3.3.5]
	at com.eldercare.service.ElderCareServiceApplication.main(ElderCareServiceApplication.java:12) [classes/:?]
Caused by: java.lang.RuntimeException: Could not postProcess org.springframework.security.config.annotation.web.builders.WebSecurity@4da929ef of type class org.springframework.security.config.annotation.web.builders.WebSecurity
	at org.springframework.security.config.annotation.configuration.AutowireBeanFactoryObjectPostProcessor.postProcess(AutowireBeanFactoryObjectPostProcessor.java:71) ~[spring-security-config-6.3.4.jar:6.3.4]
	at org.springframework.security.config.annotation.web.configuration.WebSecurityConfiguration.setFilterChainProxySecurityConfigurer(WebSecurityConfiguration.java:148) ~[spring-security-config-6.3.4.jar:6.3.4]
	at java.base/jdk.internal.reflect.NativeMethodAccessorImpl.invoke0(Native Method) ~[?:?]
	at java.base/jdk.internal.reflect.NativeMethodAccessorImpl.invoke(NativeMethodAccessorImpl.java:77) ~[?:?]
	at java.base/jdk.internal.reflect.DelegatingMethodAccessorImpl.invoke(DelegatingMethodAccessorImpl.java:43) ~[?:?]
	at java.base/java.lang.reflect.Method.invoke(Method.java:568) ~[?:?]
	at org.springframework.beans.factory.annotation.AutowiredAnnotationBeanPostProcessor$AutowiredMethodElement.inject(AutowiredAnnotationBeanPostProcessor.java:854) ~[spring-beans-6.1.14.jar:6.1.14]
	at org.springframework.beans.factory.annotation.InjectionMetadata.inject(InjectionMetadata.java:145) ~[spring-beans-6.1.14.jar:6.1.14]
	at org.springframework.beans.factory.annotation.AutowiredAnnotationBeanPostProcessor.postProcessProperties(AutowiredAnnotationBeanPostProcessor.java:509) ~[spring-beans-6.1.14.jar:6.1.14]
	... 17 more
Caused by: org.springframework.beans.factory.BeanCreationException: Error creating bean with name 'roleHierarchy' defined in class path resource [com/eldercare/service/config/SecurityConfig.class]: Failed to instantiate [org.springframework.security.access.hierarchicalroles.RoleHierarchy]: Factory method 'roleHierarchy' threw exception with message: Exception thrown because of a cycle in the role hierarchy definition!
	at org.springframework.beans.factory.support.ConstructorResolver.instantiate(ConstructorResolver.java:648) ~[spring-beans-6.1.14.jar:6.1.14]
	at org.springframework.beans.factory.support.ConstructorResolver.instantiateUsingFactoryMethod(ConstructorResolver.java:485) ~[spring-beans-6.1.14.jar:6.1.14]
	at org.springframework.beans.factory.support.AbstractAutowireCapableBeanFactory.instantiateUsingFactoryMethod(AbstractAutowireCapableBeanFactory.java:1355) ~[spring-beans-6.1.14.jar:6.1.14]
	at org.springframework.beans.factory.support.AbstractAutowireCapableBeanFactory.createBeanInstance(AbstractAutowireCapableBeanFactory.java:1185) ~[spring-beans-6.1.14.jar:6.1.14]
	at org.springframework.beans.factory.support.AbstractAutowireCapableBeanFactory.doCreateBean(AbstractAutowireCapableBeanFactory.java:562) ~[spring-beans-6.1.14.jar:6.1.14]
	at org.springframework.beans.factory.support.AbstractAutowireCapableBeanFactory.createBean(AbstractAutowireCapableBeanFactory.java:522) ~[spring-beans-6.1.14.jar:6.1.14]
	at org.springframework.beans.factory.support.AbstractBeanFactory.lambda$doGetBean$0(AbstractBeanFactory.java:337) ~[spring-beans-6.1.14.jar:6.1.14]
	at org.springframework.beans.factory.support.DefaultSingletonBeanRegistry.getSingleton(DefaultSingletonBeanRegistry.java:234) ~[spring-beans-6.1.14.jar:6.1.14]
	at org.springframework.beans.factory.support.AbstractBeanFactory.doGetBean(AbstractBeanFactory.java:335) ~[spring-beans-6.1.14.jar:6.1.14]
	at org.springframework.beans.factory.support.AbstractBeanFactory.getBean(AbstractBeanFactory.java:225) ~[spring-beans-6.1.14.jar:6.1.14]
	at org.springframework.beans.factory.support.DefaultListableBeanFactory.resolveNamedBean(DefaultListableBeanFactory.java:1323) ~[spring-beans-6.1.14.jar:6.1.14]
	at org.springframework.beans.factory.support.DefaultListableBeanFactory.resolveNamedBean(DefaultListableBeanFactory.java:1284) ~[spring-beans-6.1.14.jar:6.1.14]
	at org.springframework.beans.factory.support.DefaultListableBeanFactory.resolveBean(DefaultListableBeanFactory.java:486) ~[spring-beans-6.1.14.jar:6.1.14]
	at org.springframework.beans.factory.support.DefaultListableBeanFactory.getBean(DefaultListableBeanFactory.java:341) ~[spring-beans-6.1.14.jar:6.1.14]
	at org.springframework.beans.factory.support.DefaultListableBeanFactory.getBean(DefaultListableBeanFactory.java:334) ~[spring-beans-6.1.14.jar:6.1.14]
	at org.springframework.context.support.AbstractApplicationContext.getBean(AbstractApplicationContext.java:1261) ~[spring-context-6.1.14.jar:6.1.14]
	at org.springframework.security.config.annotation.web.builders.WebSecurity.setApplicationContext(WebSecurity.java:369) ~[spring-security-config-6.3.4.jar:6.3.4]
	at org.springframework.context.support.ApplicationContextAwareProcessor.invokeAwareInterfaces(ApplicationContextAwareProcessor.java:110) ~[spring-context-6.1.14.jar:6.1.14]
	at org.springframework.context.support.ApplicationContextAwareProcessor.postProcessBeforeInitialization(ApplicationContextAwareProcessor.java:85) ~[spring-context-6.1.14.jar:6.1.14]
	at org.springframework.beans.factory.support.AbstractAutowireCapableBeanFactory.applyBeanPostProcessorsBeforeInitialization(AbstractAutowireCapableBeanFactory.java:422) ~[spring-beans-6.1.14.jar:6.1.14]
	at org.springframework.beans.factory.support.AbstractAutowireCapableBeanFactory.initializeBean(AbstractAutowireCapableBeanFactory.java:1798) ~[spring-beans-6.1.14.jar:6.1.14]
	at org.springframework.beans.factory.support.AbstractAutowireCapableBeanFactory.initializeBean(AbstractAutowireCapableBeanFactory.java:412) ~[spring-beans-6.1.14.jar:6.1.14]
	at org.springframework.security.config.annotation.configuration.AutowireBeanFactoryObjectPostProcessor.initializeBeanIfNeeded(AutowireBeanFactoryObjectPostProcessor.java:98) ~[spring-security-config-6.3.4.jar:6.3.4]
	at org.springframework.security.config.annotation.configuration.AutowireBeanFactoryObjectPostProcessor.postProcess(AutowireBeanFactoryObjectPostProcessor.java:67) ~[spring-security-config-6.3.4.jar:6.3.4]
	at org.springframework.security.config.annotation.web.configuration.WebSecurityConfiguration.setFilterChainProxySecurityConfigurer(WebSecurityConfiguration.java:148) ~[spring-security-config-6.3.4.jar:6.3.4]
	at java.base/jdk.internal.reflect.NativeMethodAccessorImpl.invoke0(Native Method) ~[?:?]
	at java.base/jdk.internal.reflect.NativeMethodAccessorImpl.invoke(NativeMethodAccessorImpl.java:77) ~[?:?]
	at java.base/jdk.internal.reflect.DelegatingMethodAccessorImpl.invoke(DelegatingMethodAccessorImpl.java:43) ~[?:?]
	at java.base/java.lang.reflect.Method.invoke(Method.java:568) ~[?:?]
	at org.springframework.beans.factory.annotation.AutowiredAnnotationBeanPostProcessor$AutowiredMethodElement.inject(AutowiredAnnotationBeanPostProcessor.java:854) ~[spring-beans-6.1.14.jar:6.1.14]
	at org.springframework.beans.factory.annotation.InjectionMetadata.inject(InjectionMetadata.java:145) ~[spring-beans-6.1.14.jar:6.1.14]
	at org.springframework.beans.factory.annotation.AutowiredAnnotationBeanPostProcessor.postProcessProperties(AutowiredAnnotationBeanPostProcessor.java:509) ~[spring-beans-6.1.14.jar:6.1.14]
	... 17 more
Caused by: org.springframework.beans.BeanInstantiationException: Failed to instantiate [org.springframework.security.access.hierarchicalroles.RoleHierarchy]: Factory method 'roleHierarchy' threw exception with message: Exception thrown because of a cycle in the role hierarchy definition!
	at org.springframework.beans.factory.support.SimpleInstantiationStrategy.instantiate(SimpleInstantiationStrategy.java:178) ~[spring-beans-6.1.14.jar:6.1.14]
	at org.springframework.beans.factory.support.ConstructorResolver.instantiate(ConstructorResolver.java:644) ~[spring-beans-6.1.14.jar:6.1.14]
	at org.springframework.beans.factory.support.ConstructorResolver.instantiateUsingFactoryMethod(ConstructorResolver.java:485) ~[spring-beans-6.1.14.jar:6.1.14]
	at org.springframework.beans.factory.support.AbstractAutowireCapableBeanFactory.instantiateUsingFactoryMethod(AbstractAutowireCapableBeanFactory.java:1355) ~[spring-beans-6.1.14.jar:6.1.14]
	at org.springframework.beans.factory.support.AbstractAutowireCapableBeanFactory.createBeanInstance(AbstractAutowireCapableBeanFactory.java:1185) ~[spring-beans-6.1.14.jar:6.1.14]
	at org.springframework.beans.factory.support.AbstractAutowireCapableBeanFactory.doCreateBean(AbstractAutowireCapableBeanFactory.java:562) ~[spring-beans-6.1.14.jar:6.1.14]
	at org.springframework.beans.factory.support.AbstractAutowireCapableBeanFactory.createBean(AbstractAutowireCapableBeanFactory.java:522) ~[spring-beans-6.1.14.jar:6.1.14]
	at org.springframework.beans.factory.support.AbstractBeanFactory.lambda$doGetBean$0(AbstractBeanFactory.java:337) ~[spring-beans-6.1.14.jar:6.1.14]
	at org.springframework.beans.factory.support.DefaultSingletonBeanRegistry.getSingleton(DefaultSingletonBeanRegistry.java:234) ~[spring-beans-6.1.14.jar:6.1.14]
	at org.springframework.beans.factory.support.AbstractBeanFactory.doGetBean(AbstractBeanFactory.java:335) ~[spring-beans-6.1.14.jar:6.1.14]
	at org.springframework.beans.factory.support.AbstractBeanFactory.getBean(AbstractBeanFactory.java:225) ~[spring-beans-6.1.14.jar:6.1.14]
	at org.springframework.beans.factory.support.DefaultListableBeanFactory.resolveNamedBean(DefaultListableBeanFactory.java:1323) ~[spring-beans-6.1.14.jar:6.1.14]
	at org.springframework.beans.factory.support.DefaultListableBeanFactory.resolveNamedBean(DefaultListableBeanFactory.java:1284) ~[spring-beans-6.1.14.jar:6.1.14]
	at org.springframework.beans.factory.support.DefaultListableBeanFactory.resolveBean(DefaultListableBeanFactory.java:486) ~[spring-beans-6.1.14.jar:6.1.14]
	at org.springframework.beans.factory.support.DefaultListableBeanFactory.getBean(DefaultListableBeanFactory.java:341) ~[spring-beans-6.1.14.jar:6.1.14]
	at org.springframework.beans.factory.support.DefaultListableBeanFactory.getBean(DefaultListableBeanFactory.java:334) ~[spring-beans-6.1.14.jar:6.1.14]
	at org.springframework.context.support.AbstractApplicationContext.getBean(AbstractApplicationContext.java:1261) ~[spring-context-6.1.14.jar:6.1.14]
	at org.springframework.security.config.annotation.web.builders.WebSecurity.setApplicationContext(WebSecurity.java:369) ~[spring-security-config-6.3.4.jar:6.3.4]
	at org.springframework.context.support.ApplicationContextAwareProcessor.invokeAwareInterfaces(ApplicationContextAwareProcessor.java:110) ~[spring-context-6.1.14.jar:6.1.14]
	at org.springframework.context.support.ApplicationContextAwareProcessor.postProcessBeforeInitialization(ApplicationContextAwareProcessor.java:85) ~[spring-context-6.1.14.jar:6.1.14]
	at org.springframework.beans.factory.support.AbstractAutowireCapableBeanFactory.applyBeanPostProcessorsBeforeInitialization(AbstractAutowireCapableBeanFactory.java:422) ~[spring-beans-6.1.14.jar:6.1.14]
	at org.springframework.beans.factory.support.AbstractAutowireCapableBeanFactory.initializeBean(AbstractAutowireCapableBeanFactory.java:1798) ~[spring-beans-6.1.14.jar:6.1.14]
	at org.springframework.beans.factory.support.AbstractAutowireCapableBeanFactory.initializeBean(AbstractAutowireCapableBeanFactory.java:412) ~[spring-beans-6.1.14.jar:6.1.14]
	at org.springframework.security.config.annotation.configuration.AutowireBeanFactoryObjectPostProcessor.initializeBeanIfNeeded(AutowireBeanFactoryObjectPostProcessor.java:98) ~[spring-security-config-6.3.4.jar:6.3.4]
	at org.springframework.security.config.annotation.configuration.AutowireBeanFactoryObjectPostProcessor.postProcess(AutowireBeanFactoryObjectPostProcessor.java:67) ~[spring-security-config-6.3.4.jar:6.3.4]
	at org.springframework.security.config.annotation.web.configuration.WebSecurityConfiguration.setFilterChainProxySecurityConfigurer(WebSecurityConfiguration.java:148) ~[spring-security-config-6.3.4.jar:6.3.4]
	at java.base/jdk.internal.reflect.NativeMethodAccessorImpl.invoke0(Native Method) ~[?:?]
	at java.base/jdk.internal.reflect.NativeMethodAccessorImpl.invoke(NativeMethodAccessorImpl.java:77) ~[?:?]
	at java.base/jdk.internal.reflect.DelegatingMethodAccessorImpl.invoke(DelegatingMethodAccessorImpl.java:43) ~[?:?]
	at java.base/java.lang.reflect.Method.invoke(Method.java:568) ~[?:?]
	at org.springframework.beans.factory.annotation.AutowiredAnnotationBeanPostProcessor$AutowiredMethodElement.inject(AutowiredAnnotationBeanPostProcessor.java:854) ~[spring-beans-6.1.14.jar:6.1.14]
	at org.springframework.beans.factory.annotation.InjectionMetadata.inject(InjectionMetadata.java:145) ~[spring-beans-6.1.14.jar:6.1.14]
	at org.springframework.beans.factory.annotation.AutowiredAnnotationBeanPostProcessor.postProcessProperties(AutowiredAnnotationBeanPostProcessor.java:509) ~[spring-beans-6.1.14.jar:6.1.14]
	... 17 more
Caused by: org.springframework.security.access.hierarchicalroles.CycleInRoleHierarchyException: Exception thrown because of a cycle in the role hierarchy definition!
	at org.springframework.security.access.hierarchicalroles.RoleHierarchyImpl.buildRolesReachableInOneOrMoreStepsMap(RoleHierarchyImpl.java:247) ~[spring-security-core-6.3.4.jar:6.3.4]
	at org.springframework.security.access.hierarchicalroles.RoleHierarchyImpl.<init>(RoleHierarchyImpl.java:100) ~[spring-security-core-6.3.4.jar:6.3.4]
	at org.springframework.security.access.hierarchicalroles.RoleHierarchyImpl.fromHierarchy(RoleHierarchyImpl.java:116) ~[spring-security-core-6.3.4.jar:6.3.4]
	at com.eldercare.service.config.RoleHierarchyLoader.build(RoleHierarchyLoader.java:37) ~[classes/:?]
	at com.eldercare.service.config.SecurityConfig.roleHierarchy(SecurityConfig.java:63) ~[classes/:?]
	at com.eldercare.service.config.SecurityConfig$$SpringCGLIB$$0.CGLIB$roleHierarchy$3(<generated>) ~[classes/:?]
	at com.eldercare.service.config.SecurityConfig$$SpringCGLIB$$FastClass$$1.invoke(<generated>) ~[classes/:?]
	at org.springframework.cglib.proxy.MethodProxy.invokeSuper(MethodProxy.java:258) ~[spring-core-6.1.14.jar:6.1.14]
	at org.springframework.context.annotation.ConfigurationClassEnhancer$BeanMethodInterceptor.intercept(ConfigurationClassEnhancer.java:348) ~[spring-context-6.1.14.jar:6.1.14]
	at com.eldercare.service.config.SecurityConfig$$SpringCGLIB$$0.roleHierarchy(<generated>) ~[classes/:?]
	at java.base/jdk.internal.reflect.NativeMethodAccessorImpl.invoke0(Native Method) ~[?:?]
	at java.base/jdk.internal.reflect.NativeMethodAccessorImpl.invoke(NativeMethodAccessorImpl.java:77) ~[?:?]
	at java.base/jdk.internal.reflect.DelegatingMethodAccessorImpl.invoke(DelegatingMethodAccessorImpl.java:43) ~[?:?]
	at java.base/java.lang.reflect.Method.invoke(Method.java:568) ~[?:?]
	at org.springframework.beans.factory.support.SimpleInstantiationStrategy.instantiate(SimpleInstantiationStrategy.java:146) ~[spring-beans-6.1.14.jar:6.1.14]
	at org.springframework.beans.factory.support.ConstructorResolver.instantiate(ConstructorResolver.java:644) ~[spring-beans-6.1.14.jar:6.1.14]
	at org.springframework.beans.factory.support.ConstructorResolver.instantiateUsingFactoryMethod(ConstructorResolver.java:485) ~[spring-beans-6.1.14.jar:6.1.14]
	at org.springframework.beans.factory.support.AbstractAutowireCapableBeanFactory.instantiateUsingFactoryMethod(AbstractAutowireCapableBeanFactory.java:1355) ~[spring-beans-6.1.14.jar:6.1.14]
	at org.springframework.beans.factory.support.AbstractAutowireCapableBeanFactory.createBeanInstance(AbstractAutowireCapableBeanFactory.java:1185) ~[spring-beans-6.1.14.jar:6.1.14]
	at org.springframework.beans.factory.support.AbstractAutowireCapableBeanFactory.doCreateBean(AbstractAutowireCapableBeanFactory.java:562) ~[spring-beans-6.1.14.jar:6.1.14]
	at org.springframework.beans.factory.support.AbstractAutowireCapableBeanFactory.createBean(AbstractAutowireCapableBeanFactory.java:522) ~[spring-beans-6.1.14.jar:6.1.14]
	at org.springframework.beans.factory.support.AbstractBeanFactory.lambda$doGetBean$0(AbstractBeanFactory.java:337) ~[spring-beans-6.1.14.jar:6.1.14]
	at org.springframework.beans.factory.support.DefaultSingletonBeanRegistry.getSingleton(DefaultSingletonBeanRegistry.java:234) ~[spring-beans-6.1.14.jar:6.1.14]
	at org.springframework.beans.factory.support.AbstractBeanFactory.doGetBean(AbstractBeanFactory.java:335) ~[spring-beans-6.1.14.jar:6.1.14]
	at org.springframework.beans.factory.support.AbstractBeanFactory.getBean(AbstractBeanFactory.java:225) ~[spring-beans-6.1.14.jar:6.1.14]
	at org.springframework.beans.factory.support.DefaultListableBeanFactory.resolveNamedBean(DefaultListableBeanFactory.java:1323) ~[spring-beans-6.1.14.jar:6.1.14]
	at org.springframework.beans.factory.support.DefaultListableBeanFactory.resolveNamedBean(DefaultListableBeanFactory.java:1284) ~[spring-beans-6.1.14.jar:6.1.14]
	at org.springframework.beans.factory.support.DefaultListableBeanFactory.resolveBean(DefaultListableBeanFactory.java:486) ~[spring-beans-6.1.14.jar:6.1.14]
	at org.springframework.beans.factory.support.DefaultListableBeanFactory.getBean(DefaultListableBeanFactory.java:341) ~[spring-beans-6.1.14.jar:6.1.14]
	at org.springframework.beans.factory.support.DefaultListableBeanFactory.getBean(DefaultListableBeanFactory.java:334) ~[spring-beans-6.1.14.jar:6.1.14]
	at org.springframework.context.support.AbstractApplicationContext.getBean(AbstractApplicationContext.java:1261) ~[spring-context-6.1.14.jar:6.1.14]
	at org.springframework.security.config.annotation.web.builders.WebSecurity.setApplicationContext(WebSecurity.java:369) ~[spring-security-config-6.3.4.jar:6.3.4]
	at org.springframework.context.support.ApplicationContextAwareProcessor.invokeAwareInterfaces(ApplicationContextAwareProcessor.java:110) ~[spring-context-6.1.14.jar:6.1.14]
	at org.springframework.context.support.ApplicationContextAwareProcessor.postProcessBeforeInitialization(ApplicationContextAwareProcessor.java:85) ~[spring-context-6.1.14.jar:6.1.14]
	at org.springframework.beans.factory.support.AbstractAutowireCapableBeanFactory.applyBeanPostProcessorsBeforeInitialization(AbstractAutowireCapableBeanFactory.java:422) ~[spring-beans-6.1.14.jar:6.1.14]
	at org.springframework.beans.factory.support.AbstractAutowireCapableBeanFactory.initializeBean(AbstractAutowireCapableBeanFactory.java:1798) ~[spring-beans-6.1.14.jar:6.1.14]
	at org.springframework.beans.factory.support.AbstractAutowireCapableBeanFactory.initializeBean(AbstractAutowireCapableBeanFactory.java:412) ~[spring-beans-6.1.14.jar:6.1.14]
	at org.springframework.security.config.annotation.configuration.AutowireBeanFactoryObjectPostProcessor.initializeBeanIfNeeded(AutowireBeanFactoryObjectPostProcessor.java:98) ~[spring-security-config-6.3.4.jar:6.3.4]
	at org.springframework.security.config.annotation.configuration.AutowireBeanFactoryObjectPostProcessor.postProcess(AutowireBeanFactoryObjectPostProcessor.java:67) ~[spring-security-config-6.3.4.jar:6.3.4]
	at org.springframework.security.config.annotation.web.configuration.WebSecurityConfiguration.setFilterChainProxySecurityConfigurer(WebSecurityConfiguration.java:148) ~[spring-security-config-6.3.4.jar:6.3.4]
	at java.base/jdk.internal.reflect.NativeMethodAccessorImpl.invoke0(Native Method) ~[?:?]
	at java.base/jdk.internal.reflect.NativeMethodAccessorImpl.invoke(NativeMethodAccessorImpl.java:77) ~[?:?]
	at java.base/jdk.internal.reflect.DelegatingMethodAccessorImpl.invoke(DelegatingMethodAccessorImpl.java:43) ~[?:?]
	at java.base/java.lang.reflect.Method.invoke(Method.java:568) ~[?:?]
	at org.springframework.beans.factory.annotation.AutowiredAnnotationBeanPostProcessor$AutowiredMethodElement.inject(AutowiredAnnotationBeanPostProcessor.java:854) ~[spring-beans-6.1.14.jar:6.1.14]
	at org.springframework.beans.factory.annotation.InjectionMetadata.inject(InjectionMetadata.java:145) ~[spring-beans-6.1.14.jar:6.1.14]
	at org.springframework.beans.factory.annotation.AutowiredAnnotationBeanPostProcessor.postProcessProperties(AutowiredAnnotationBeanPostProcessor.java:509) ~[spring-beans-6.1.14.jar:6.1.14]
	... 17 more
2026-05-04 09:15:27 [background-preinit] INFO  org.hibernate.validator.internal.util.Version - HV000001: Hibernate Validator 8.0.1.Final
2026-05-04 09:15:27 [main] INFO  com.eldercare.service.ElderCareServiceApplication - Starting ElderCareServiceApplication using Java 17.0.12 with PID 18856 (C:\EMR\ElderCareService\target\classes started by rprud in C:\EMR\ElderCareService)
2026-05-04 09:15:27 [main] DEBUG com.eldercare.service.ElderCareServiceApplication - Running with Spring Boot v3.3.5, Spring v6.1.14
2026-05-04 09:15:27 [main] INFO  com.eldercare.service.ElderCareServiceApplication - No active profile set, falling back to 1 default profile: "default"
2026-05-04 09:15:28 [main] INFO  org.springframework.data.repository.config.RepositoryConfigurationDelegate - Bootstrapping Spring Data JPA repositories in DEFAULT mode.
2026-05-04 09:15:28 [main] INFO  org.springframework.data.repository.config.RepositoryConfigurationDelegate - Finished Spring Data repository scanning in 68 ms. Found 4 JPA repository interfaces.
2026-05-04 09:15:29 [main] INFO  org.springframework.boot.web.embedded.tomcat.TomcatWebServer - Tomcat initialized with port 8083 (http)
2026-05-04 09:15:29 [main] INFO  org.apache.coyote.http11.Http11NioProtocol - Initializing ProtocolHandler ["http-nio-8083"]
2026-05-04 09:15:29 [main] INFO  org.apache.catalina.core.StandardService - Starting service [Tomcat]
2026-05-04 09:15:29 [main] INFO  org.apache.catalina.core.StandardEngine - Starting Servlet engine: [Apache Tomcat/10.1.31]
2026-05-04 09:15:29 [main] INFO  org.apache.catalina.core.ContainerBase.[Tomcat].[localhost].[/eldercare] - Initializing Spring embedded WebApplicationContext
2026-05-04 09:15:29 [main] INFO  org.springframework.boot.web.servlet.context.ServletWebServerApplicationContext - Root WebApplicationContext: initialization completed in 1534 ms
2026-05-04 09:15:29 [main] INFO  org.hibernate.jpa.internal.util.LogHelper - HHH000204: Processing PersistenceUnitInfo [name: default]
2026-05-04 09:15:29 [main] INFO  org.hibernate.Version - HHH000412: Hibernate ORM core version 6.5.3.Final
2026-05-04 09:15:29 [main] INFO  org.hibernate.cache.internal.RegionFactoryInitiator - HHH000026: Second-level cache disabled
2026-05-04 09:15:30 [main] INFO  org.springframework.orm.jpa.persistenceunit.SpringPersistenceUnitInfo - No LoadTimeWeaver setup: ignoring JPA class transformer
2026-05-04 09:15:30 [main] INFO  com.zaxxer.hikari.HikariDataSource - HikariPool-1 - Starting...
2026-05-04 09:15:30 [main] INFO  com.zaxxer.hikari.pool.HikariPool - HikariPool-1 - Added connection com.mysql.cj.jdbc.ConnectionImpl@538a90a5
2026-05-04 09:15:30 [main] INFO  com.zaxxer.hikari.HikariDataSource - HikariPool-1 - Start completed.
2026-05-04 09:15:30 [main] WARN  org.hibernate.orm.deprecation - HHH90000025: MySQLDialect does not need to be specified explicitly using 'hibernate.dialect' (remove the property setting and it will be selected by default)
2026-05-04 09:15:31 [main] INFO  org.hibernate.engine.transaction.jta.platform.internal.JtaPlatformInitiator - HHH000489: No JTA platform available (set 'hibernate.transaction.jta.platform' to enable JTA platform integration)
2026-05-04 09:15:31 [main] INFO  org.springframework.orm.jpa.LocalContainerEntityManagerFactoryBean - Initialized JPA EntityManagerFactory for persistence unit 'default'
2026-05-04 09:15:31 [main] INFO  org.springframework.data.jpa.repository.query.QueryEnhancerFactory - Hibernate is in classpath; If applicable, HQL parser will be used.
2026-05-04 09:15:31 [main] DEBUG com.eldercare.service.filters.JwtFilter - Filter 'jwtFilter' configured for use
2026-05-04 09:15:31 [main] INFO  org.springframework.security.config.annotation.authentication.configuration.InitializeAuthenticationProviderBeanManagerConfigurer$InitializeAuthenticationProviderManagerConfigurer - Global AuthenticationManager configured with AuthenticationProvider bean with name authenticationProvider
2026-05-04 09:15:31 [main] WARN  org.springframework.security.config.annotation.authentication.configuration.InitializeUserDetailsBeanManagerConfigurer$InitializeUserDetailsManagerConfigurer - Global AuthenticationManager configured with an AuthenticationProvider bean. UserDetailsService beans will not be used for username/password login. Consider removing the AuthenticationProvider bean. Alternatively, consider using the UserDetailsService in a manually instantiated DaoAuthenticationProvider.
2026-05-04 09:15:31 [main] WARN  org.springframework.boot.autoconfigure.orm.jpa.JpaBaseConfiguration$JpaWebConfiguration - spring.jpa.open-in-view is enabled by default. Therefore, database queries may be performed during view rendering. Explicitly configure spring.jpa.open-in-view to disable this warning
2026-05-04 09:15:32 [main] INFO  com.eldercare.service.config.RoleHierarchyLoader - Role hierarchy loaded from DB:
ROLE_SUPER_ADMIN > ROLE_ADMIN
ROLE_ADMIN > ROLE_NURSE
ROLE_ADMIN > ROLE_DOCTOR
ROLE_ADMIN > ROLE_RECEPTIONIST
2026-05-04 09:15:32 [main] INFO  org.springframework.boot.actuate.endpoint.web.EndpointLinksResolver - Exposing 3 endpoints beneath base path '/actuator'
2026-05-04 09:15:33 [main] INFO  org.apache.coyote.http11.Http11NioProtocol - Starting ProtocolHandler ["http-nio-8083"]
2026-05-04 09:15:33 [main] INFO  org.springframework.boot.web.embedded.tomcat.TomcatWebServer - Tomcat started on port 8083 (http) with context path '/eldercare'
2026-05-04 09:15:33 [main] INFO  com.eldercare.service.ElderCareServiceApplication - Started ElderCareServiceApplication in 5.625 seconds (process running for 6.471)
2026-05-04 09:15:33 [RMI TCP Connection(7)-127.0.0.1] INFO  org.apache.catalina.core.ContainerBase.[Tomcat].[localhost].[/eldercare] - Initializing Spring DispatcherServlet 'dispatcherServlet'
2026-05-04 09:15:33 [RMI TCP Connection(7)-127.0.0.1] INFO  org.springframework.web.servlet.DispatcherServlet - Initializing Servlet 'dispatcherServlet'
2026-05-04 09:15:33 [RMI TCP Connection(7)-127.0.0.1] INFO  org.springframework.web.servlet.DispatcherServlet - Completed initialization in 2 ms
2026-05-04 09:15:50 [http-nio-8083-exec-2] INFO  com.eldercare.service.service.AuthService - User admin signed up with role ROLE_ADMIN
2026-05-04 09:16:13 [http-nio-8083-exec-1] DEBUG com.eldercare.service.service.AppUserDetailsService - Loaded user admin with roles [ROLE_ADMIN]
2026-05-04 09:16:13 [http-nio-8083-exec-1] DEBUG com.eldercare.service.service.AppUserDetailsService - Loaded user admin with roles [ROLE_ADMIN]
2026-05-04 09:16:13 [http-nio-8083-exec-1] INFO  com.eldercare.service.service.AuthService - User admin logged in successfully
2026-05-04 09:16:25 [http-nio-8083-exec-3] DEBUG com.eldercare.service.service.AppUserDetailsService - Loaded user admin with roles [ROLE_ADMIN]
2026-05-04 09:18:26 [background-preinit] INFO  org.hibernate.validator.internal.util.Version - HV000001: Hibernate Validator 8.0.1.Final
2026-05-04 09:18:26 [main] INFO  com.eldercare.service.ElderCareServiceApplication - Starting ElderCareServiceApplication using Java 17.0.12 with PID 13624 (C:\EMR\ElderCareService\target\classes started by rprud in C:\EMR\ElderCareService)
2026-05-04 09:18:26 [main] DEBUG com.eldercare.service.ElderCareServiceApplication - Running with Spring Boot v3.3.5, Spring v6.1.14
2026-05-04 09:18:26 [main] INFO  com.eldercare.service.ElderCareServiceApplication - No active profile set, falling back to 1 default profile: "default"
2026-05-04 09:18:27 [main] INFO  org.springframework.data.repository.config.RepositoryConfigurationDelegate - Bootstrapping Spring Data JPA repositories in DEFAULT mode.
2026-05-04 09:18:27 [main] INFO  org.springframework.data.repository.config.RepositoryConfigurationDelegate - Finished Spring Data repository scanning in 58 ms. Found 6 JPA repository interfaces.
2026-05-04 09:18:27 [main] INFO  org.springframework.boot.web.embedded.tomcat.TomcatWebServer - Tomcat initialized with port 8083 (http)
2026-05-04 09:18:27 [main] INFO  org.apache.coyote.http11.Http11NioProtocol - Initializing ProtocolHandler ["http-nio-8083"]
2026-05-04 09:18:27 [main] INFO  org.apache.catalina.core.StandardService - Starting service [Tomcat]
2026-05-04 09:18:27 [main] INFO  org.apache.catalina.core.StandardEngine - Starting Servlet engine: [Apache Tomcat/10.1.31]
2026-05-04 09:18:27 [main] INFO  org.apache.catalina.core.ContainerBase.[Tomcat].[localhost].[/eldercare] - Initializing Spring embedded WebApplicationContext
2026-05-04 09:18:27 [main] INFO  org.springframework.boot.web.servlet.context.ServletWebServerApplicationContext - Root WebApplicationContext: initialization completed in 1497 ms
2026-05-04 09:18:28 [main] INFO  org.hibernate.jpa.internal.util.LogHelper - HHH000204: Processing PersistenceUnitInfo [name: default]
2026-05-04 09:18:28 [main] INFO  org.hibernate.Version - HHH000412: Hibernate ORM core version 6.5.3.Final
2026-05-04 09:18:28 [main] INFO  org.hibernate.cache.internal.RegionFactoryInitiator - HHH000026: Second-level cache disabled
2026-05-04 09:18:28 [main] INFO  org.springframework.orm.jpa.persistenceunit.SpringPersistenceUnitInfo - No LoadTimeWeaver setup: ignoring JPA class transformer
2026-05-04 09:18:28 [main] INFO  com.zaxxer.hikari.HikariDataSource - HikariPool-1 - Starting...
2026-05-04 09:18:28 [main] INFO  com.zaxxer.hikari.pool.HikariPool - HikariPool-1 - Added connection com.mysql.cj.jdbc.ConnectionImpl@1b800a11
2026-05-04 09:18:28 [main] INFO  com.zaxxer.hikari.HikariDataSource - HikariPool-1 - Start completed.
2026-05-04 09:18:28 [main] WARN  org.hibernate.orm.deprecation - HHH90000025: MySQLDialect does not need to be specified explicitly using 'hibernate.dialect' (remove the property setting and it will be selected by default)
2026-05-04 09:18:29 [main] INFO  org.hibernate.engine.transaction.jta.platform.internal.JtaPlatformInitiator - HHH000489: No JTA platform available (set 'hibernate.transaction.jta.platform' to enable JTA platform integration)
2026-05-04 09:18:30 [main] INFO  org.springframework.orm.jpa.LocalContainerEntityManagerFactoryBean - Initialized JPA EntityManagerFactory for persistence unit 'default'
2026-05-04 09:18:30 [main] INFO  org.springframework.data.jpa.repository.query.QueryEnhancerFactory - Hibernate is in classpath; If applicable, HQL parser will be used.
2026-05-04 09:18:30 [main] DEBUG com.eldercare.service.filters.JwtFilter - Filter 'jwtFilter' configured for use
2026-05-04 09:18:30 [main] INFO  org.springframework.security.config.annotation.authentication.configuration.InitializeAuthenticationProviderBeanManagerConfigurer$InitializeAuthenticationProviderManagerConfigurer - Global AuthenticationManager configured with AuthenticationProvider bean with name authenticationProvider
2026-05-04 09:18:30 [main] WARN  org.springframework.security.config.annotation.authentication.configuration.InitializeUserDetailsBeanManagerConfigurer$InitializeUserDetailsManagerConfigurer - Global AuthenticationManager configured with an AuthenticationProvider bean. UserDetailsService beans will not be used for username/password login. Consider removing the AuthenticationProvider bean. Alternatively, consider using the UserDetailsService in a manually instantiated DaoAuthenticationProvider.
2026-05-04 09:18:31 [main] WARN  org.springframework.boot.autoconfigure.orm.jpa.JpaBaseConfiguration$JpaWebConfiguration - spring.jpa.open-in-view is enabled by default. Therefore, database queries may be performed during view rendering. Explicitly configure spring.jpa.open-in-view to disable this warning
2026-05-04 09:18:31 [main] INFO  com.eldercare.service.config.RoleHierarchyLoader - Role hierarchy loaded from DB:
ROLE_SUPER_ADMIN > ROLE_ADMIN
ROLE_ADMIN > ROLE_NURSE
ROLE_ADMIN > ROLE_DOCTOR
ROLE_ADMIN > ROLE_RECEPTIONIST
2026-05-04 09:18:31 [main] INFO  org.springframework.boot.actuate.endpoint.web.EndpointLinksResolver - Exposing 3 endpoints beneath base path '/actuator'
2026-05-04 09:18:32 [main] INFO  org.apache.coyote.http11.Http11NioProtocol - Starting ProtocolHandler ["http-nio-8083"]
2026-05-04 09:18:32 [main] INFO  org.springframework.boot.web.embedded.tomcat.TomcatWebServer - Tomcat started on port 8083 (http) with context path '/eldercare'
2026-05-04 09:18:32 [main] INFO  com.eldercare.service.ElderCareServiceApplication - Started ElderCareServiceApplication in 6.209 seconds (process running for 7.052)
2026-05-04 09:18:32 [RMI TCP Connection(8)-127.0.0.1] INFO  org.apache.catalina.core.ContainerBase.[Tomcat].[localhost].[/eldercare] - Initializing Spring DispatcherServlet 'dispatcherServlet'
2026-05-04 09:18:32 [RMI TCP Connection(8)-127.0.0.1] INFO  org.springframework.web.servlet.DispatcherServlet - Initializing Servlet 'dispatcherServlet'
2026-05-04 09:18:32 [RMI TCP Connection(8)-127.0.0.1] INFO  org.springframework.web.servlet.DispatcherServlet - Completed initialization in 2 ms
2026-05-04 09:20:04 [http-nio-8083-exec-2] DEBUG com.eldercare.service.service.AppUserDetailsService - Loaded user admin with roles [ROLE_ADMIN]
2026-05-04 09:20:04 [http-nio-8083-exec-2] INFO  com.eldercare.service.service.PatientService - Patient registered: EC-2026-0001 by admin
2026-05-04 09:20:43 [http-nio-8083-exec-4] DEBUG com.eldercare.service.service.AppUserDetailsService - Loaded user admin with roles [ROLE_ADMIN]
2026-05-04 09:21:09 [http-nio-8083-exec-6] DEBUG com.eldercare.service.service.AppUserDetailsService - Loaded user admin with roles [ROLE_ADMIN]
2026-05-04 09:22:17 [http-nio-8083-exec-3] DEBUG com.eldercare.service.service.AppUserDetailsService - Loaded user admin with roles [ROLE_ADMIN]
2026-05-04 09:22:17 [http-nio-8083-exec-3] INFO  com.eldercare.service.service.PatientService - Patient updated: EC-2026-0001 by admin
2026-05-04 09:37:00 [HikariPool-1 housekeeper] WARN  com.zaxxer.hikari.pool.HikariPool - HikariPool-1 - Thread starvation or clock leap detected (housekeeper delta=10m31s811ms946µs700ns).
2026-05-04 09:45:27 [background-preinit] INFO  org.hibernate.validator.internal.util.Version - HV000001: Hibernate Validator 8.0.1.Final
2026-05-04 09:45:27 [main] INFO  com.eldercare.service.ElderCareServiceApplication - Starting ElderCareServiceApplication using Java 17.0.12 with PID 6128 (C:\EMR\ElderCareService\target\classes started by rprud in C:\EMR\ElderCareService)
2026-05-04 09:45:27 [main] DEBUG com.eldercare.service.ElderCareServiceApplication - Running with Spring Boot v3.3.5, Spring v6.1.14
2026-05-04 09:45:27 [main] INFO  com.eldercare.service.ElderCareServiceApplication - No active profile set, falling back to 1 default profile: "default"
2026-05-04 09:45:30 [main] INFO  org.springframework.data.repository.config.RepositoryConfigurationDelegate - Bootstrapping Spring Data JPA repositories in DEFAULT mode.
2026-05-04 09:45:30 [main] INFO  org.springframework.data.repository.config.RepositoryConfigurationDelegate - Finished Spring Data repository scanning in 203 ms. Found 9 JPA repository interfaces.
2026-05-04 09:45:33 [main] INFO  org.springframework.boot.web.embedded.tomcat.TomcatWebServer - Tomcat initialized with port 8083 (http)
2026-05-04 09:45:33 [main] INFO  org.apache.coyote.http11.Http11NioProtocol - Initializing ProtocolHandler ["http-nio-8083"]
2026-05-04 09:45:33 [main] INFO  org.apache.catalina.core.StandardService - Starting service [Tomcat]
2026-05-04 09:45:33 [main] INFO  org.apache.catalina.core.StandardEngine - Starting Servlet engine: [Apache Tomcat/10.1.31]
2026-05-04 09:45:33 [main] INFO  org.apache.catalina.core.ContainerBase.[Tomcat].[localhost].[/eldercare] - Initializing Spring embedded WebApplicationContext
2026-05-04 09:45:33 [main] INFO  org.springframework.boot.web.servlet.context.ServletWebServerApplicationContext - Root WebApplicationContext: initialization completed in 5517 ms
2026-05-04 09:45:34 [main] INFO  org.hibernate.jpa.internal.util.LogHelper - HHH000204: Processing PersistenceUnitInfo [name: default]
2026-05-04 09:45:34 [main] INFO  org.hibernate.Version - HHH000412: Hibernate ORM core version 6.5.3.Final
2026-05-04 09:45:34 [main] INFO  org.hibernate.cache.internal.RegionFactoryInitiator - HHH000026: Second-level cache disabled
2026-05-04 09:45:35 [main] INFO  org.springframework.orm.jpa.persistenceunit.SpringPersistenceUnitInfo - No LoadTimeWeaver setup: ignoring JPA class transformer
2026-05-04 09:45:35 [main] INFO  com.zaxxer.hikari.HikariDataSource - HikariPool-1 - Starting...
2026-05-04 09:45:35 [main] INFO  com.zaxxer.hikari.pool.HikariPool - HikariPool-1 - Added connection com.mysql.cj.jdbc.ConnectionImpl@1a914a00
2026-05-04 09:45:35 [main] INFO  com.zaxxer.hikari.HikariDataSource - HikariPool-1 - Start completed.
2026-05-04 09:45:35 [main] WARN  org.hibernate.orm.deprecation - HHH90000025: MySQLDialect does not need to be specified explicitly using 'hibernate.dialect' (remove the property setting and it will be selected by default)
2026-05-04 09:45:42 [main] INFO  org.hibernate.engine.transaction.jta.platform.internal.JtaPlatformInitiator - HHH000489: No JTA platform available (set 'hibernate.transaction.jta.platform' to enable JTA platform integration)
2026-05-04 09:45:43 [main] INFO  org.springframework.orm.jpa.LocalContainerEntityManagerFactoryBean - Initialized JPA EntityManagerFactory for persistence unit 'default'
2026-05-04 09:45:45 [main] INFO  org.springframework.data.jpa.repository.query.QueryEnhancerFactory - Hibernate is in classpath; If applicable, HQL parser will be used.
2026-05-04 09:45:46 [main] DEBUG com.eldercare.service.filters.JwtFilter - Filter 'jwtFilter' configured for use
2026-05-04 09:45:46 [main] INFO  org.springframework.security.config.annotation.authentication.configuration.InitializeAuthenticationProviderBeanManagerConfigurer$InitializeAuthenticationProviderManagerConfigurer - Global AuthenticationManager configured with AuthenticationProvider bean with name authenticationProvider
2026-05-04 09:45:46 [main] WARN  org.springframework.security.config.annotation.authentication.configuration.InitializeUserDetailsBeanManagerConfigurer$InitializeUserDetailsManagerConfigurer - Global AuthenticationManager configured with an AuthenticationProvider bean. UserDetailsService beans will not be used for username/password login. Consider removing the AuthenticationProvider bean. Alternatively, consider using the UserDetailsService in a manually instantiated DaoAuthenticationProvider.
2026-05-04 09:45:47 [main] WARN  org.springframework.boot.autoconfigure.orm.jpa.JpaBaseConfiguration$JpaWebConfiguration - spring.jpa.open-in-view is enabled by default. Therefore, database queries may be performed during view rendering. Explicitly configure spring.jpa.open-in-view to disable this warning
2026-05-04 09:45:47 [main] INFO  com.eldercare.service.config.RoleHierarchyLoader - Role hierarchy loaded from DB:
ROLE_SUPER_ADMIN > ROLE_ADMIN
ROLE_ADMIN > ROLE_NURSE
ROLE_ADMIN > ROLE_DOCTOR
ROLE_ADMIN > ROLE_RECEPTIONIST
2026-05-04 09:45:49 [main] INFO  org.springframework.boot.actuate.endpoint.web.EndpointLinksResolver - Exposing 3 endpoints beneath base path '/actuator'
2026-05-04 09:45:50 [main] INFO  org.apache.coyote.http11.Http11NioProtocol - Starting ProtocolHandler ["http-nio-8083"]
2026-05-04 09:45:50 [main] WARN  org.springframework.boot.web.servlet.context.AnnotationConfigServletWebServerApplicationContext - Exception encountered during context initialization - cancelling refresh attempt: org.springframework.context.ApplicationContextException: Failed to start bean 'webServerStartStop'
2026-05-04 09:45:50 [main] INFO  org.springframework.orm.jpa.LocalContainerEntityManagerFactoryBean - Closing JPA EntityManagerFactory for persistence unit 'default'
2026-05-04 09:45:50 [main] INFO  com.zaxxer.hikari.HikariDataSource - HikariPool-1 - Shutdown initiated...
2026-05-04 09:45:50 [main] INFO  com.zaxxer.hikari.HikariDataSource - HikariPool-1 - Shutdown completed.
2026-05-04 09:45:51 [main] INFO  org.springframework.boot.autoconfigure.logging.ConditionEvaluationReportLogger - 

Error starting ApplicationContext. To display the condition evaluation report re-run your application with 'debug' enabled.
2026-05-04 09:45:51 [main] ERROR org.springframework.boot.diagnostics.LoggingFailureAnalysisReporter - 

***************************
APPLICATION FAILED TO START
***************************

Description:

Web server failed to start. Port 8083 was already in use.

Action:

Identify and stop the process that's listening on port 8083 or configure this application to listen on another port.

2026-05-04 09:47:27 [background-preinit] INFO  org.hibernate.validator.internal.util.Version - HV000001: Hibernate Validator 8.0.1.Final
2026-05-04 09:47:27 [main] INFO  com.eldercare.service.ElderCareServiceApplication - Starting ElderCareServiceApplication using Java 17.0.12 with PID 9032 (C:\EMR\ElderCareService\target\classes started by rprud in C:\EMR\ElderCareService)
2026-05-04 09:47:27 [main] DEBUG com.eldercare.service.ElderCareServiceApplication - Running with Spring Boot v3.3.5, Spring v6.1.14
2026-05-04 09:47:27 [main] INFO  com.eldercare.service.ElderCareServiceApplication - No active profile set, falling back to 1 default profile: "default"
2026-05-04 09:47:30 [main] INFO  org.springframework.data.repository.config.RepositoryConfigurationDelegate - Bootstrapping Spring Data JPA repositories in DEFAULT mode.
2026-05-04 09:47:30 [main] INFO  org.springframework.data.repository.config.RepositoryConfigurationDelegate - Finished Spring Data repository scanning in 164 ms. Found 9 JPA repository interfaces.
2026-05-04 09:47:32 [main] INFO  org.springframework.boot.web.embedded.tomcat.TomcatWebServer - Tomcat initialized with port 8083 (http)
2026-05-04 09:47:32 [main] INFO  org.apache.coyote.http11.Http11NioProtocol - Initializing ProtocolHandler ["http-nio-8083"]
2026-05-04 09:47:32 [main] INFO  org.apache.catalina.core.StandardService - Starting service [Tomcat]
2026-05-04 09:47:32 [main] INFO  org.apache.catalina.core.StandardEngine - Starting Servlet engine: [Apache Tomcat/10.1.31]
2026-05-04 09:47:32 [main] INFO  org.apache.catalina.core.ContainerBase.[Tomcat].[localhost].[/eldercare] - Initializing Spring embedded WebApplicationContext
2026-05-04 09:47:32 [main] INFO  org.springframework.boot.web.servlet.context.ServletWebServerApplicationContext - Root WebApplicationContext: initialization completed in 4706 ms
2026-05-04 09:47:33 [main] INFO  org.hibernate.jpa.internal.util.LogHelper - HHH000204: Processing PersistenceUnitInfo [name: default]
2026-05-04 09:47:33 [main] INFO  org.hibernate.Version - HHH000412: Hibernate ORM core version 6.5.3.Final
2026-05-04 09:47:33 [main] INFO  org.hibernate.cache.internal.RegionFactoryInitiator - HHH000026: Second-level cache disabled
2026-05-04 09:47:33 [main] INFO  org.springframework.orm.jpa.persistenceunit.SpringPersistenceUnitInfo - No LoadTimeWeaver setup: ignoring JPA class transformer
2026-05-04 09:47:34 [main] INFO  com.zaxxer.hikari.HikariDataSource - HikariPool-1 - Starting...
2026-05-04 09:47:34 [main] INFO  com.zaxxer.hikari.pool.HikariPool - HikariPool-1 - Added connection com.mysql.cj.jdbc.ConnectionImpl@1a914a00
2026-05-04 09:47:34 [main] INFO  com.zaxxer.hikari.HikariDataSource - HikariPool-1 - Start completed.
2026-05-04 09:47:34 [main] WARN  org.hibernate.orm.deprecation - HHH90000025: MySQLDialect does not need to be specified explicitly using 'hibernate.dialect' (remove the property setting and it will be selected by default)
2026-05-04 09:47:37 [main] INFO  org.hibernate.engine.transaction.jta.platform.internal.JtaPlatformInitiator - HHH000489: No JTA platform available (set 'hibernate.transaction.jta.platform' to enable JTA platform integration)
2026-05-04 09:47:37 [main] INFO  org.springframework.orm.jpa.LocalContainerEntityManagerFactoryBean - Initialized JPA EntityManagerFactory for persistence unit 'default'
2026-05-04 09:47:38 [main] INFO  org.springframework.data.jpa.repository.query.QueryEnhancerFactory - Hibernate is in classpath; If applicable, HQL parser will be used.
2026-05-04 09:47:39 [main] DEBUG com.eldercare.service.filters.JwtFilter - Filter 'jwtFilter' configured for use
2026-05-04 09:47:39 [main] INFO  org.springframework.security.config.annotation.authentication.configuration.InitializeAuthenticationProviderBeanManagerConfigurer$InitializeAuthenticationProviderManagerConfigurer - Global AuthenticationManager configured with AuthenticationProvider bean with name authenticationProvider
2026-05-04 09:47:39 [main] WARN  org.springframework.security.config.annotation.authentication.configuration.InitializeUserDetailsBeanManagerConfigurer$InitializeUserDetailsManagerConfigurer - Global AuthenticationManager configured with an AuthenticationProvider bean. UserDetailsService beans will not be used for username/password login. Consider removing the AuthenticationProvider bean. Alternatively, consider using the UserDetailsService in a manually instantiated DaoAuthenticationProvider.
2026-05-04 09:47:40 [main] WARN  org.springframework.boot.autoconfigure.orm.jpa.JpaBaseConfiguration$JpaWebConfiguration - spring.jpa.open-in-view is enabled by default. Therefore, database queries may be performed during view rendering. Explicitly configure spring.jpa.open-in-view to disable this warning
2026-05-04 09:47:40 [main] INFO  com.eldercare.service.config.RoleHierarchyLoader - Role hierarchy loaded from DB:
ROLE_SUPER_ADMIN > ROLE_ADMIN
ROLE_ADMIN > ROLE_NURSE
ROLE_ADMIN > ROLE_DOCTOR
ROLE_ADMIN > ROLE_RECEPTIONIST
2026-05-04 09:47:41 [main] INFO  org.springframework.boot.actuate.endpoint.web.EndpointLinksResolver - Exposing 3 endpoints beneath base path '/actuator'
2026-05-04 09:47:43 [main] INFO  org.apache.coyote.http11.Http11NioProtocol - Starting ProtocolHandler ["http-nio-8083"]
2026-05-04 09:47:43 [main] INFO  org.springframework.boot.web.embedded.tomcat.TomcatWebServer - Tomcat started on port 8083 (http) with context path '/eldercare'
2026-05-04 09:47:43 [main] INFO  com.eldercare.service.ElderCareServiceApplication - Started ElderCareServiceApplication in 16.431 seconds (process running for 18.614)
2026-05-04 09:47:44 [RMI TCP Connection(8)-127.0.0.1] INFO  org.apache.catalina.core.ContainerBase.[Tomcat].[localhost].[/eldercare] - Initializing Spring DispatcherServlet 'dispatcherServlet'
2026-05-04 09:47:44 [RMI TCP Connection(8)-127.0.0.1] INFO  org.springframework.web.servlet.DispatcherServlet - Initializing Servlet 'dispatcherServlet'
2026-05-04 09:47:44 [RMI TCP Connection(8)-127.0.0.1] INFO  org.springframework.web.servlet.DispatcherServlet - Completed initialization in 4 ms
2026-05-04 09:48:00 [http-nio-8083-exec-2] DEBUG com.eldercare.service.service.AppUserDetailsService - Loaded user admin with roles [ROLE_ADMIN]
2026-05-04 09:48:01 [http-nio-8083-exec-2] INFO  com.eldercare.service.service.NokService - NOK added for patient 1 by admin
2026-05-04 09:48:22 [http-nio-8083-exec-5] DEBUG com.eldercare.service.service.AppUserDetailsService - Loaded user admin with roles [ROLE_ADMIN]
2026-05-04 09:48:49 [http-nio-8083-exec-6] DEBUG com.eldercare.service.service.AppUserDetailsService - Loaded user admin with roles [ROLE_ADMIN]
2026-05-04 09:48:49 [http-nio-8083-exec-6] INFO  com.eldercare.service.service.AddressService - Address saved for type=PATIENT typeId=1 by admin
2026-05-04 09:49:56 [http-nio-8083-exec-8] DEBUG com.eldercare.service.service.AppUserDetailsService - Loaded user admin with roles [ROLE_ADMIN]
2026-05-04 09:50:27 [http-nio-8083-exec-4] DEBUG com.eldercare.service.service.AppUserDetailsService - Loaded user admin with roles [ROLE_ADMIN]
2026-05-04 09:50:27 [http-nio-8083-exec-4] INFO  com.eldercare.service.service.MedicalService - Medical saved for patient 1 by admin
2026-05-04 09:51:09 [http-nio-8083-exec-3] DEBUG com.eldercare.service.service.AppUserDetailsService - Loaded user admin with roles [ROLE_ADMIN]
2026-05-04 09:51:49 [http-nio-8083-exec-10] DEBUG com.eldercare.service.service.AppUserDetailsService - Loaded user admin with roles [ROLE_ADMIN]
2026-05-04 09:51:49 [http-nio-8083-exec-10] INFO  com.eldercare.service.service.RoleService - Role created: ROLE_PHARMACIST with parent: ADMIN
2026-05-04 10:00:39 [background-preinit] INFO  org.hibernate.validator.internal.util.Version - HV000001: Hibernate Validator 8.0.1.Final
2026-05-04 10:00:40 [main] INFO  com.eldercare.service.ElderCareServiceApplication - Starting ElderCareServiceApplication using Java 17.0.12 with PID 25432 (C:\EMR\ElderCareService\target\classes started by rprud in C:\EMR\ElderCareService)
2026-05-04 10:00:40 [main] DEBUG com.eldercare.service.ElderCareServiceApplication - Running with Spring Boot v3.3.5, Spring v6.1.14
2026-05-04 10:00:40 [main] INFO  com.eldercare.service.ElderCareServiceApplication - No active profile set, falling back to 1 default profile: "default"
2026-05-04 10:00:42 [main] INFO  org.springframework.data.repository.config.RepositoryConfigurationDelegate - Bootstrapping Spring Data JPA repositories in DEFAULT mode.
2026-05-04 10:00:43 [main] INFO  org.springframework.data.repository.config.RepositoryConfigurationDelegate - Finished Spring Data repository scanning in 227 ms. Found 12 JPA repository interfaces.
2026-05-04 10:00:46 [main] INFO  org.springframework.boot.web.embedded.tomcat.TomcatWebServer - Tomcat initialized with port 8083 (http)
2026-05-04 10:00:46 [main] INFO  org.apache.coyote.http11.Http11NioProtocol - Initializing ProtocolHandler ["http-nio-8083"]
2026-05-04 10:00:46 [main] INFO  org.apache.catalina.core.StandardService - Starting service [Tomcat]
2026-05-04 10:00:46 [main] INFO  org.apache.catalina.core.StandardEngine - Starting Servlet engine: [Apache Tomcat/10.1.31]
2026-05-04 10:00:47 [main] INFO  org.apache.catalina.core.ContainerBase.[Tomcat].[localhost].[/eldercare] - Initializing Spring embedded WebApplicationContext
2026-05-04 10:00:47 [main] INFO  org.springframework.boot.web.servlet.context.ServletWebServerApplicationContext - Root WebApplicationContext: initialization completed in 6853 ms
2026-05-04 10:00:47 [main] INFO  org.hibernate.jpa.internal.util.LogHelper - HHH000204: Processing PersistenceUnitInfo [name: default]
2026-05-04 10:00:47 [main] INFO  org.hibernate.Version - HHH000412: Hibernate ORM core version 6.5.3.Final
2026-05-04 10:00:48 [main] INFO  org.hibernate.cache.internal.RegionFactoryInitiator - HHH000026: Second-level cache disabled
2026-05-04 10:00:48 [main] INFO  org.springframework.orm.jpa.persistenceunit.SpringPersistenceUnitInfo - No LoadTimeWeaver setup: ignoring JPA class transformer
2026-05-04 10:00:48 [main] INFO  com.zaxxer.hikari.HikariDataSource - HikariPool-1 - Starting...
2026-05-04 10:00:49 [main] INFO  com.zaxxer.hikari.pool.HikariPool - HikariPool-1 - Added connection com.mysql.cj.jdbc.ConnectionImpl@1ea19c97
2026-05-04 10:00:49 [main] INFO  com.zaxxer.hikari.HikariDataSource - HikariPool-1 - Start completed.
2026-05-04 10:00:49 [main] WARN  org.hibernate.orm.deprecation - HHH90000025: MySQLDialect does not need to be specified explicitly using 'hibernate.dialect' (remove the property setting and it will be selected by default)
2026-05-04 10:00:52 [main] INFO  org.hibernate.engine.transaction.jta.platform.internal.JtaPlatformInitiator - HHH000489: No JTA platform available (set 'hibernate.transaction.jta.platform' to enable JTA platform integration)
2026-05-04 10:00:52 [main] INFO  org.springframework.orm.jpa.LocalContainerEntityManagerFactoryBean - Initialized JPA EntityManagerFactory for persistence unit 'default'
2026-05-04 10:00:53 [main] INFO  org.springframework.data.jpa.repository.query.QueryEnhancerFactory - Hibernate is in classpath; If applicable, HQL parser will be used.
2026-05-04 10:00:54 [main] DEBUG com.eldercare.service.filters.JwtFilter - Filter 'jwtFilter' configured for use
2026-05-04 10:00:55 [main] INFO  org.springframework.security.config.annotation.authentication.configuration.InitializeAuthenticationProviderBeanManagerConfigurer$InitializeAuthenticationProviderManagerConfigurer - Global AuthenticationManager configured with AuthenticationProvider bean with name authenticationProvider
2026-05-04 10:00:55 [main] WARN  org.springframework.security.config.annotation.authentication.configuration.InitializeUserDetailsBeanManagerConfigurer$InitializeUserDetailsManagerConfigurer - Global AuthenticationManager configured with an AuthenticationProvider bean. UserDetailsService beans will not be used for username/password login. Consider removing the AuthenticationProvider bean. Alternatively, consider using the UserDetailsService in a manually instantiated DaoAuthenticationProvider.
2026-05-04 10:00:55 [main] WARN  org.springframework.boot.autoconfigure.orm.jpa.JpaBaseConfiguration$JpaWebConfiguration - spring.jpa.open-in-view is enabled by default. Therefore, database queries may be performed during view rendering. Explicitly configure spring.jpa.open-in-view to disable this warning
2026-05-04 10:00:56 [main] INFO  com.eldercare.service.config.RoleHierarchyLoader - Role hierarchy loaded from DB:
ROLE_SUPER_ADMIN > ROLE_ADMIN
ROLE_ADMIN > ROLE_NURSE
ROLE_ADMIN > ROLE_DOCTOR
ROLE_ADMIN > ROLE_RECEPTIONIST
ROLE_ADMIN > ROLE_PHARMACIST
2026-05-04 10:00:57 [main] INFO  org.springframework.boot.actuate.endpoint.web.EndpointLinksResolver - Exposing 3 endpoints beneath base path '/actuator'
2026-05-04 10:00:59 [main] INFO  org.apache.coyote.http11.Http11NioProtocol - Starting ProtocolHandler ["http-nio-8083"]
2026-05-04 10:00:59 [main] INFO  org.springframework.boot.web.embedded.tomcat.TomcatWebServer - Tomcat started on port 8083 (http) with context path '/eldercare'
2026-05-04 10:00:59 [main] INFO  com.eldercare.service.ElderCareServiceApplication - Started ElderCareServiceApplication in 20.585 seconds (process running for 23.012)
2026-05-04 10:01:00 [RMI TCP Connection(6)-127.0.0.1] INFO  org.apache.catalina.core.ContainerBase.[Tomcat].[localhost].[/eldercare] - Initializing Spring DispatcherServlet 'dispatcherServlet'
2026-05-04 10:01:00 [RMI TCP Connection(6)-127.0.0.1] INFO  org.springframework.web.servlet.DispatcherServlet - Initializing Servlet 'dispatcherServlet'
2026-05-04 10:01:00 [RMI TCP Connection(6)-127.0.0.1] INFO  org.springframework.web.servlet.DispatcherServlet - Completed initialization in 7 ms
2026-05-04 10:01:07 [http-nio-8083-exec-10] INFO  org.springdoc.api.AbstractOpenApiResource - Init duration for springdoc-openapi is: 1281 ms
2026-05-04 10:01:44 [http-nio-8083-exec-1] DEBUG com.eldercare.service.service.AppUserDetailsService - Loaded user admin with roles [ROLE_ADMIN]
2026-05-04 10:01:45 [http-nio-8083-exec-1] INFO  com.eldercare.service.service.AdmissionService - Admission saved for patient 1 by admin
2026-05-04 10:02:11 [http-nio-8083-exec-9] DEBUG com.eldercare.service.service.AppUserDetailsService - Loaded user admin with roles [ROLE_ADMIN]
2026-05-04 10:02:11 [http-nio-8083-exec-9] INFO  com.eldercare.service.service.NotesService - Note added for patient 1 by admin
2026-05-04 10:02:42 [http-nio-8083-exec-8] DEBUG com.eldercare.service.service.AppUserDetailsService - Loaded user admin with roles [ROLE_ADMIN]
2026-05-04 10:02:42 [http-nio-8083-exec-8] WARN  com.eldercare.service.service.VitalService - Vital alert triggered for patient 1
2026-05-04 10:04:36 [http-nio-8083-exec-2] DEBUG com.eldercare.service.service.AppUserDetailsService - Loaded user admin with roles [ROLE_ADMIN]
2026-05-04 10:04:36 [http-nio-8083-exec-2] WARN  com.eldercare.service.service.VitalService - Vital alert triggered for patient 1
2026-05-04 10:05:27 [http-nio-8083-exec-3] DEBUG com.eldercare.service.service.AppUserDetailsService - Loaded user admin with roles [ROLE_ADMIN]
2026-05-04 10:05:56 [http-nio-8083-exec-5] DEBUG com.eldercare.service.service.AppUserDetailsService - Loaded user admin with roles [ROLE_ADMIN]
2026-05-04 10:44:36 [background-preinit] INFO  org.hibernate.validator.internal.util.Version - HV000001: Hibernate Validator 8.0.1.Final
2026-05-04 10:44:36 [main] INFO  com.eldercare.service.ElderCareServiceApplication - Starting ElderCareServiceApplication using Java 17.0.12 with PID 812 (C:\EMR\ElderCareService\target\classes started by rprud in C:\EMR\ElderCareService)
2026-05-04 10:44:36 [main] DEBUG com.eldercare.service.ElderCareServiceApplication - Running with Spring Boot v3.3.5, Spring v6.1.14
2026-05-04 10:44:36 [main] INFO  com.eldercare.service.ElderCareServiceApplication - No active profile set, falling back to 1 default profile: "default"
2026-05-04 10:44:36 [main] INFO  org.springframework.data.repository.config.RepositoryConfigurationDelegate - Bootstrapping Spring Data JPA repositories in DEFAULT mode.
2026-05-04 10:44:37 [main] INFO  org.springframework.data.repository.config.RepositoryConfigurationDelegate - Finished Spring Data repository scanning in 78 ms. Found 22 JPA repository interfaces.
2026-05-04 10:44:37 [main] INFO  org.springframework.boot.web.embedded.tomcat.TomcatWebServer - Tomcat initialized with port 8083 (http)
2026-05-04 10:44:37 [main] INFO  org.apache.coyote.http11.Http11NioProtocol - Initializing ProtocolHandler ["http-nio-8083"]
2026-05-04 10:44:37 [main] INFO  org.apache.catalina.core.StandardService - Starting service [Tomcat]
2026-05-04 10:44:37 [main] INFO  org.apache.catalina.core.StandardEngine - Starting Servlet engine: [Apache Tomcat/10.1.31]
2026-05-04 10:44:37 [main] INFO  org.apache.catalina.core.ContainerBase.[Tomcat].[localhost].[/eldercare] - Initializing Spring embedded WebApplicationContext
2026-05-04 10:44:37 [main] INFO  org.springframework.boot.web.servlet.context.ServletWebServerApplicationContext - Root WebApplicationContext: initialization completed in 1459 ms
2026-05-04 10:44:37 [main] INFO  org.hibernate.jpa.internal.util.LogHelper - HHH000204: Processing PersistenceUnitInfo [name: default]
2026-05-04 10:44:38 [main] INFO  org.hibernate.Version - HHH000412: Hibernate ORM core version 6.5.3.Final
2026-05-04 10:44:38 [main] INFO  org.hibernate.cache.internal.RegionFactoryInitiator - HHH000026: Second-level cache disabled
2026-05-04 10:44:38 [main] INFO  org.springframework.orm.jpa.persistenceunit.SpringPersistenceUnitInfo - No LoadTimeWeaver setup: ignoring JPA class transformer
2026-05-04 10:44:38 [main] INFO  com.zaxxer.hikari.HikariDataSource - HikariPool-1 - Starting...
2026-05-04 10:44:38 [main] INFO  com.zaxxer.hikari.pool.HikariPool - HikariPool-1 - Added connection com.mysql.cj.jdbc.ConnectionImpl@5300694d
2026-05-04 10:44:38 [main] INFO  com.zaxxer.hikari.HikariDataSource - HikariPool-1 - Start completed.
2026-05-04 10:44:39 [main] WARN  org.hibernate.orm.deprecation - HHH90000025: MySQLDialect does not need to be specified explicitly using 'hibernate.dialect' (remove the property setting and it will be selected by default)
2026-05-04 10:44:41 [main] INFO  org.hibernate.engine.transaction.jta.platform.internal.JtaPlatformInitiator - HHH000489: No JTA platform available (set 'hibernate.transaction.jta.platform' to enable JTA platform integration)
2026-05-04 10:44:42 [main] INFO  org.springframework.orm.jpa.LocalContainerEntityManagerFactoryBean - Initialized JPA EntityManagerFactory for persistence unit 'default'
2026-05-04 10:44:43 [main] INFO  org.springframework.data.jpa.repository.query.QueryEnhancerFactory - Hibernate is in classpath; If applicable, HQL parser will be used.
2026-05-04 10:44:43 [main] DEBUG com.eldercare.service.filters.JwtFilter - Filter 'jwtFilter' configured for use
2026-05-04 10:44:44 [main] INFO  org.springframework.security.config.annotation.authentication.configuration.InitializeAuthenticationProviderBeanManagerConfigurer$InitializeAuthenticationProviderManagerConfigurer - Global AuthenticationManager configured with AuthenticationProvider bean with name authenticationProvider
2026-05-04 10:44:44 [main] WARN  org.springframework.security.config.annotation.authentication.configuration.InitializeUserDetailsBeanManagerConfigurer$InitializeUserDetailsManagerConfigurer - Global AuthenticationManager configured with an AuthenticationProvider bean. UserDetailsService beans will not be used for username/password login. Consider removing the AuthenticationProvider bean. Alternatively, consider using the UserDetailsService in a manually instantiated DaoAuthenticationProvider.
2026-05-04 10:44:45 [main] WARN  org.springframework.boot.autoconfigure.orm.jpa.JpaBaseConfiguration$JpaWebConfiguration - spring.jpa.open-in-view is enabled by default. Therefore, database queries may be performed during view rendering. Explicitly configure spring.jpa.open-in-view to disable this warning
2026-05-04 10:44:45 [main] INFO  com.eldercare.service.config.RoleHierarchyLoader - Role hierarchy loaded from DB:
ROLE_SUPER_ADMIN > ROLE_ADMIN
ROLE_ADMIN > ROLE_NURSE
ROLE_ADMIN > ROLE_DOCTOR
ROLE_ADMIN > ROLE_RECEPTIONIST
ROLE_ADMIN > ROLE_PHARMACIST
2026-05-04 10:44:46 [main] INFO  org.springframework.boot.actuate.endpoint.web.EndpointLinksResolver - Exposing 3 endpoints beneath base path '/actuator'
2026-05-04 10:44:47 [main] INFO  org.apache.coyote.http11.Http11NioProtocol - Starting ProtocolHandler ["http-nio-8083"]
2026-05-04 10:44:47 [main] INFO  org.springframework.boot.web.embedded.tomcat.TomcatWebServer - Tomcat started on port 8083 (http) with context path '/eldercare'
2026-05-04 10:44:47 [main] INFO  com.eldercare.service.ElderCareServiceApplication - Started ElderCareServiceApplication in 11.543 seconds (process running for 12.435)
2026-05-04 10:44:47 [RMI TCP Connection(9)-127.0.0.1] INFO  org.apache.catalina.core.ContainerBase.[Tomcat].[localhost].[/eldercare] - Initializing Spring DispatcherServlet 'dispatcherServlet'
2026-05-04 10:44:47 [RMI TCP Connection(9)-127.0.0.1] INFO  org.springframework.web.servlet.DispatcherServlet - Initializing Servlet 'dispatcherServlet'
2026-05-04 10:44:47 [RMI TCP Connection(9)-127.0.0.1] INFO  org.springframework.web.servlet.DispatcherServlet - Completed initialization in 0 ms
2026-05-04 10:45:09 [http-nio-8083-exec-8] INFO  org.springdoc.api.AbstractOpenApiResource - Init duration for springdoc-openapi is: 842 ms
2026-05-04 10:49:05 [background-preinit] INFO  org.hibernate.validator.internal.util.Version - HV000001: Hibernate Validator 8.0.1.Final
2026-05-04 10:49:05 [main] INFO  com.eldercare.service.ElderCareServiceApplication - Starting ElderCareServiceApplication using Java 17.0.12 with PID 21508 (C:\EMR\ElderCareService\target\classes started by rprud in C:\EMR\ElderCareService)
2026-05-04 10:49:05 [main] DEBUG com.eldercare.service.ElderCareServiceApplication - Running with Spring Boot v3.3.5, Spring v6.1.14
2026-05-04 10:49:05 [main] INFO  com.eldercare.service.ElderCareServiceApplication - No active profile set, falling back to 1 default profile: "default"
2026-05-04 10:49:06 [main] INFO  org.springframework.data.repository.config.RepositoryConfigurationDelegate - Bootstrapping Spring Data JPA repositories in DEFAULT mode.
2026-05-04 10:49:06 [main] INFO  org.springframework.data.repository.config.RepositoryConfigurationDelegate - Finished Spring Data repository scanning in 73 ms. Found 22 JPA repository interfaces.
2026-05-04 10:49:07 [main] INFO  org.springframework.boot.web.embedded.tomcat.TomcatWebServer - Tomcat initialized with port 8083 (http)
2026-05-04 10:49:07 [main] INFO  org.apache.coyote.http11.Http11NioProtocol - Initializing ProtocolHandler ["http-nio-8083"]
2026-05-04 10:49:07 [main] INFO  org.apache.catalina.core.StandardService - Starting service [Tomcat]
2026-05-04 10:49:07 [main] INFO  org.apache.catalina.core.StandardEngine - Starting Servlet engine: [Apache Tomcat/10.1.31]
2026-05-04 10:49:07 [main] INFO  org.apache.catalina.core.ContainerBase.[Tomcat].[localhost].[/eldercare] - Initializing Spring embedded WebApplicationContext
2026-05-04 10:49:07 [main] INFO  org.springframework.boot.web.servlet.context.ServletWebServerApplicationContext - Root WebApplicationContext: initialization completed in 1357 ms
2026-05-04 10:49:07 [main] INFO  org.hibernate.jpa.internal.util.LogHelper - HHH000204: Processing PersistenceUnitInfo [name: default]
2026-05-04 10:49:07 [main] INFO  org.hibernate.Version - HHH000412: Hibernate ORM core version 6.5.3.Final
2026-05-04 10:49:07 [main] INFO  org.hibernate.cache.internal.RegionFactoryInitiator - HHH000026: Second-level cache disabled
2026-05-04 10:49:07 [main] INFO  org.springframework.orm.jpa.persistenceunit.SpringPersistenceUnitInfo - No LoadTimeWeaver setup: ignoring JPA class transformer
2026-05-04 10:49:07 [main] INFO  com.zaxxer.hikari.HikariDataSource - HikariPool-1 - Starting...
2026-05-04 10:49:07 [main] INFO  com.zaxxer.hikari.pool.HikariPool - HikariPool-1 - Added connection com.mysql.cj.jdbc.ConnectionImpl@69ed96e1
2026-05-04 10:49:07 [main] INFO  com.zaxxer.hikari.HikariDataSource - HikariPool-1 - Start completed.
2026-05-04 10:49:07 [main] WARN  org.hibernate.orm.deprecation - HHH90000025: MySQLDialect does not need to be specified explicitly using 'hibernate.dialect' (remove the property setting and it will be selected by default)
2026-05-04 10:49:09 [main] INFO  org.hibernate.engine.transaction.jta.platform.internal.JtaPlatformInitiator - HHH000489: No JTA platform available (set 'hibernate.transaction.jta.platform' to enable JTA platform integration)
2026-05-04 10:49:09 [main] INFO  org.springframework.orm.jpa.LocalContainerEntityManagerFactoryBean - Initialized JPA EntityManagerFactory for persistence unit 'default'
2026-05-04 10:49:10 [main] INFO  org.springframework.data.jpa.repository.query.QueryEnhancerFactory - Hibernate is in classpath; If applicable, HQL parser will be used.
2026-05-04 10:49:11 [main] DEBUG com.eldercare.service.filters.JwtFilter - Filter 'jwtFilter' configured for use
2026-05-04 10:49:11 [main] INFO  org.springframework.security.config.annotation.authentication.configuration.InitializeAuthenticationProviderBeanManagerConfigurer$InitializeAuthenticationProviderManagerConfigurer - Global AuthenticationManager configured with AuthenticationProvider bean with name authenticationProvider
2026-05-04 10:49:11 [main] WARN  org.springframework.security.config.annotation.authentication.configuration.InitializeUserDetailsBeanManagerConfigurer$InitializeUserDetailsManagerConfigurer - Global AuthenticationManager configured with an AuthenticationProvider bean. UserDetailsService beans will not be used for username/password login. Consider removing the AuthenticationProvider bean. Alternatively, consider using the UserDetailsService in a manually instantiated DaoAuthenticationProvider.
2026-05-04 10:49:12 [main] WARN  org.springframework.boot.autoconfigure.orm.jpa.JpaBaseConfiguration$JpaWebConfiguration - spring.jpa.open-in-view is enabled by default. Therefore, database queries may be performed during view rendering. Explicitly configure spring.jpa.open-in-view to disable this warning
2026-05-04 10:49:12 [main] INFO  com.eldercare.service.config.RoleHierarchyLoader - Role hierarchy loaded from DB:
ROLE_SUPER_ADMIN > ROLE_ADMIN
ROLE_ADMIN > ROLE_NURSE
ROLE_ADMIN > ROLE_DOCTOR
ROLE_ADMIN > ROLE_RECEPTIONIST
ROLE_ADMIN > ROLE_PHARMACIST
2026-05-04 10:49:13 [main] INFO  org.springframework.boot.actuate.endpoint.web.EndpointLinksResolver - Exposing 3 endpoints beneath base path '/actuator'
2026-05-04 10:49:14 [main] INFO  org.apache.coyote.http11.Http11NioProtocol - Starting ProtocolHandler ["http-nio-8083"]
2026-05-04 10:49:14 [main] INFO  org.springframework.boot.web.embedded.tomcat.TomcatWebServer - Tomcat started on port 8083 (http) with context path '/eldercare'
2026-05-04 10:49:14 [main] INFO  com.eldercare.service.ElderCareServiceApplication - Started ElderCareServiceApplication in 9.328 seconds (process running for 9.988)
2026-05-04 10:49:15 [RMI TCP Connection(8)-127.0.0.1] INFO  org.apache.catalina.core.ContainerBase.[Tomcat].[localhost].[/eldercare] - Initializing Spring DispatcherServlet 'dispatcherServlet'
2026-05-04 10:49:15 [RMI TCP Connection(8)-127.0.0.1] INFO  org.springframework.web.servlet.DispatcherServlet - Initializing Servlet 'dispatcherServlet'
2026-05-04 10:49:15 [RMI TCP Connection(8)-127.0.0.1] INFO  org.springframework.web.servlet.DispatcherServlet - Completed initialization in 3 ms
2026-05-04 10:49:17 [http-nio-8083-exec-8] INFO  org.springdoc.api.AbstractOpenApiResource - Init duration for springdoc-openapi is: 619 ms
2026-05-04 10:53:03 [background-preinit] INFO  org.hibernate.validator.internal.util.Version - HV000001: Hibernate Validator 8.0.1.Final
2026-05-04 10:53:03 [main] INFO  com.eldercare.service.ElderCareServiceApplication - Starting ElderCareServiceApplication using Java 17.0.12 with PID 18320 (C:\EMR\ElderCareService\target\classes started by rprud in C:\EMR\ElderCareService)
2026-05-04 10:53:03 [main] DEBUG com.eldercare.service.ElderCareServiceApplication - Running with Spring Boot v3.3.5, Spring v6.1.14
2026-05-04 10:53:03 [main] INFO  com.eldercare.service.ElderCareServiceApplication - No active profile set, falling back to 1 default profile: "default"
2026-05-04 10:53:04 [main] INFO  org.springframework.data.repository.config.RepositoryConfigurationDelegate - Bootstrapping Spring Data JPA repositories in DEFAULT mode.
2026-05-04 10:53:04 [main] INFO  org.springframework.data.repository.config.RepositoryConfigurationDelegate - Finished Spring Data repository scanning in 70 ms. Found 22 JPA repository interfaces.
2026-05-04 10:53:05 [main] INFO  org.springframework.boot.web.embedded.tomcat.TomcatWebServer - Tomcat initialized with port 8083 (http)
2026-05-04 10:53:05 [main] INFO  org.apache.coyote.http11.Http11NioProtocol - Initializing ProtocolHandler ["http-nio-8083"]
2026-05-04 10:53:05 [main] INFO  org.apache.catalina.core.StandardService - Starting service [Tomcat]
2026-05-04 10:53:05 [main] INFO  org.apache.catalina.core.StandardEngine - Starting Servlet engine: [Apache Tomcat/10.1.31]
2026-05-04 10:53:05 [main] INFO  org.apache.catalina.core.ContainerBase.[Tomcat].[localhost].[/eldercare] - Initializing Spring embedded WebApplicationContext
2026-05-04 10:53:05 [main] INFO  org.springframework.boot.web.servlet.context.ServletWebServerApplicationContext - Root WebApplicationContext: initialization completed in 1481 ms
2026-05-04 10:53:05 [main] INFO  org.hibernate.jpa.internal.util.LogHelper - HHH000204: Processing PersistenceUnitInfo [name: default]
2026-05-04 10:53:05 [main] INFO  org.hibernate.Version - HHH000412: Hibernate ORM core version 6.5.3.Final
2026-05-04 10:53:05 [main] INFO  org.hibernate.cache.internal.RegionFactoryInitiator - HHH000026: Second-level cache disabled
2026-05-04 10:53:05 [main] INFO  org.springframework.orm.jpa.persistenceunit.SpringPersistenceUnitInfo - No LoadTimeWeaver setup: ignoring JPA class transformer
2026-05-04 10:53:05 [main] INFO  com.zaxxer.hikari.HikariDataSource - HikariPool-1 - Starting...
2026-05-04 10:53:06 [main] INFO  com.zaxxer.hikari.pool.HikariPool - HikariPool-1 - Added connection com.mysql.cj.jdbc.ConnectionImpl@6839d03b
2026-05-04 10:53:06 [main] INFO  com.zaxxer.hikari.HikariDataSource - HikariPool-1 - Start completed.
2026-05-04 10:53:06 [main] WARN  org.hibernate.orm.deprecation - HHH90000025: MySQLDialect does not need to be specified explicitly using 'hibernate.dialect' (remove the property setting and it will be selected by default)
2026-05-04 10:53:08 [main] INFO  org.hibernate.engine.transaction.jta.platform.internal.JtaPlatformInitiator - HHH000489: No JTA platform available (set 'hibernate.transaction.jta.platform' to enable JTA platform integration)
2026-05-04 10:53:08 [main] INFO  org.springframework.orm.jpa.LocalContainerEntityManagerFactoryBean - Initialized JPA EntityManagerFactory for persistence unit 'default'
2026-05-04 10:53:09 [main] INFO  org.springframework.data.jpa.repository.query.QueryEnhancerFactory - Hibernate is in classpath; If applicable, HQL parser will be used.
2026-05-04 10:53:10 [main] DEBUG com.eldercare.service.filters.JwtFilter - Filter 'jwtFilter' configured for use
2026-05-04 10:53:10 [main] INFO  org.springframework.security.config.annotation.authentication.configuration.InitializeAuthenticationProviderBeanManagerConfigurer$InitializeAuthenticationProviderManagerConfigurer - Global AuthenticationManager configured with AuthenticationProvider bean with name authenticationProvider
2026-05-04 10:53:10 [main] WARN  org.springframework.security.config.annotation.authentication.configuration.InitializeUserDetailsBeanManagerConfigurer$InitializeUserDetailsManagerConfigurer - Global AuthenticationManager configured with an AuthenticationProvider bean. UserDetailsService beans will not be used for username/password login. Consider removing the AuthenticationProvider bean. Alternatively, consider using the UserDetailsService in a manually instantiated DaoAuthenticationProvider.
2026-05-04 10:53:11 [main] WARN  org.springframework.boot.autoconfigure.orm.jpa.JpaBaseConfiguration$JpaWebConfiguration - spring.jpa.open-in-view is enabled by default. Therefore, database queries may be performed during view rendering. Explicitly configure spring.jpa.open-in-view to disable this warning
2026-05-04 10:53:11 [main] INFO  com.eldercare.service.config.RoleHierarchyLoader - Role hierarchy loaded from DB:
ROLE_SUPER_ADMIN > ROLE_ADMIN
ROLE_ADMIN > ROLE_NURSE
ROLE_ADMIN > ROLE_DOCTOR
ROLE_ADMIN > ROLE_RECEPTIONIST
ROLE_ADMIN > ROLE_PHARMACIST
2026-05-04 10:53:11 [main] INFO  org.springframework.boot.actuate.endpoint.web.EndpointLinksResolver - Exposing 3 endpoints beneath base path '/actuator'
2026-05-04 10:53:12 [main] INFO  org.apache.coyote.http11.Http11NioProtocol - Starting ProtocolHandler ["http-nio-8083"]
2026-05-04 10:53:12 [main] INFO  org.springframework.boot.web.embedded.tomcat.TomcatWebServer - Tomcat started on port 8083 (http) with context path '/eldercare'
2026-05-04 10:53:12 [main] INFO  com.eldercare.service.ElderCareServiceApplication - Started ElderCareServiceApplication in 8.695 seconds (process running for 9.347)
2026-05-04 10:53:12 [RMI TCP Connection(9)-127.0.0.1] INFO  org.apache.catalina.core.ContainerBase.[Tomcat].[localhost].[/eldercare] - Initializing Spring DispatcherServlet 'dispatcherServlet'
2026-05-04 10:53:12 [RMI TCP Connection(9)-127.0.0.1] INFO  org.springframework.web.servlet.DispatcherServlet - Initializing Servlet 'dispatcherServlet'
2026-05-04 10:53:12 [RMI TCP Connection(9)-127.0.0.1] INFO  org.springframework.web.servlet.DispatcherServlet - Completed initialization in 1 ms
2026-05-04 10:53:30 [http-nio-8083-exec-3] DEBUG com.eldercare.service.service.AppUserDetailsService - Loaded user admin with roles [ROLE_ADMIN]
2026-05-04 10:53:30 [http-nio-8083-exec-3] DEBUG com.eldercare.service.service.AppUserDetailsService - Loaded user admin with roles [ROLE_ADMIN]
2026-05-04 10:53:30 [http-nio-8083-exec-3] INFO  com.eldercare.service.service.AuthService - User admin logged in successfully
2026-05-04 10:53:51 [http-nio-8083-exec-1] WARN  com.eldercare.service.filters.JwtFilter - Invalid JWT token: Compact JWT strings may not contain whitespace.
2026-05-04 10:54:02 [http-nio-8083-exec-2] DEBUG com.eldercare.service.service.AppUserDetailsService - Loaded user admin with roles [ROLE_ADMIN]
2026-05-04 10:54:34 [http-nio-8083-exec-4] DEBUG com.eldercare.service.service.AppUserDetailsService - Loaded user admin with roles [ROLE_ADMIN]
2026-05-04 10:56:39 [http-nio-8083-exec-6] DEBUG com.eldercare.service.service.AppUserDetailsService - Loaded user admin with roles [ROLE_ADMIN]
2026-05-04 10:56:48 [http-nio-8083-exec-7] DEBUG com.eldercare.service.service.AppUserDetailsService - Loaded user admin with roles [ROLE_ADMIN]
2026-05-04 10:57:32 [http-nio-8083-exec-8] DEBUG com.eldercare.service.service.AppUserDetailsService - Loaded user admin with roles [ROLE_ADMIN]
2026-05-04 10:58:43 [http-nio-8083-exec-10] DEBUG com.eldercare.service.service.AppUserDetailsService - Loaded user admin with roles [ROLE_ADMIN]
2026-05-04 10:58:50 [http-nio-8083-exec-3] DEBUG com.eldercare.service.service.AppUserDetailsService - Loaded user admin with roles [ROLE_ADMIN]
2026-05-04 10:59:03 [http-nio-8083-exec-2] DEBUG com.eldercare.service.service.AppUserDetailsService - Loaded user admin with roles [ROLE_ADMIN]
2026-05-04 10:59:03 [http-nio-8083-exec-2] INFO  com.eldercare.service.service.PatientService - Patient registered: EC-2026-0002 by admin
2026-05-04 10:59:29 [http-nio-8083-exec-4] DEBUG com.eldercare.service.service.AppUserDetailsService - Loaded user admin with roles [ROLE_ADMIN]
2026-05-04 10:59:53 [http-nio-8083-exec-5] DEBUG com.eldercare.service.service.AppUserDetailsService - Loaded user admin with roles [ROLE_ADMIN]
2026-05-04 11:00:32 [http-nio-8083-exec-8] DEBUG com.eldercare.service.service.AppUserDetailsService - Loaded user admin with roles [ROLE_ADMIN]
2026-05-04 11:01:07 [http-nio-8083-exec-10] DEBUG com.eldercare.service.service.AppUserDetailsService - Loaded user admin with roles [ROLE_ADMIN]
2026-05-04 11:01:07 [http-nio-8083-exec-10] WARN  com.eldercare.service.exception.GlobalExceptionHandler - Business exception: A primary contact already exists for this patient. Update the existing one first.
2026-05-04 11:01:18 [http-nio-8083-exec-1] DEBUG com.eldercare.service.service.AppUserDetailsService - Loaded user admin with roles [ROLE_ADMIN]
2026-05-04 11:01:18 [http-nio-8083-exec-1] INFO  com.eldercare.service.service.NokService - NOK added for patient 2 by admin
2026-05-04 11:04:19 [http-nio-8083-exec-5] DEBUG com.eldercare.service.service.AppUserDetailsService - Loaded user admin with roles [ROLE_ADMIN]
2026-05-04 11:04:19 [http-nio-8083-exec-5] INFO  com.eldercare.service.service.MedicalService - Medical saved for patient 2 by admin
2026-05-04 11:04:19 [task-1] DEBUG com.eldercare.service.service.AuditService - Audit recorded: patient=2 type=MEDICAL
2026-05-04 11:04:37 [http-nio-8083-exec-6] DEBUG com.eldercare.service.service.AppUserDetailsService - Loaded user admin with roles [ROLE_ADMIN]
2026-05-04 11:05:04 [http-nio-8083-exec-7] DEBUG com.eldercare.service.service.AppUserDetailsService - Loaded user admin with roles [ROLE_ADMIN]
2026-05-04 11:05:04 [http-nio-8083-exec-7] INFO  com.eldercare.service.service.AdmissionService - Admission saved for patient 2 by admin
2026-05-04 11:05:30 [http-nio-8083-exec-8] DEBUG com.eldercare.service.service.AppUserDetailsService - Loaded user admin with roles [ROLE_ADMIN]
2026-05-04 11:05:30 [http-nio-8083-exec-8] INFO  com.eldercare.service.service.NotesService - Note added for patient 2 by admin
2026-05-04 11:05:43 [http-nio-8083-exec-9] DEBUG com.eldercare.service.service.AppUserDetailsService - Loaded user admin with roles [ROLE_ADMIN]
2026-05-04 11:05:43 [http-nio-8083-exec-9] INFO  com.eldercare.service.service.VitalService - Vitals recorded for patient 2 by admin
2026-05-04 11:05:43 [task-2] DEBUG com.eldercare.service.service.AuditService - Audit recorded: patient=2 type=VITALS
2026-05-04 11:05:59 [http-nio-8083-exec-10] DEBUG com.eldercare.service.service.AppUserDetailsService - Loaded user admin with roles [ROLE_ADMIN]
2026-05-04 11:06:05 [http-nio-8083-exec-3] DEBUG com.eldercare.service.service.AppUserDetailsService - Loaded user admin with roles [ROLE_ADMIN]
2026-05-04 11:06:47 [http-nio-8083-exec-1] DEBUG com.eldercare.service.service.AppUserDetailsService - Loaded user admin with roles [ROLE_ADMIN]
2026-05-04 11:06:55 [http-nio-8083-exec-2] DEBUG com.eldercare.service.service.AppUserDetailsService - Loaded user admin with roles [ROLE_ADMIN]
